Time,header.seq,header.stamp.secs,header.stamp.nsecs,header.frame_id,latitude,longitude,altitude,utm_easting,utm_northing,zone,letter,hdop,gpgga_read,current_time.secs,current_time.nsecs
1711657002.2546206,4,1711657002,247928380,,42.337088333333334,-71.08738,0.0,328039.9225325837,4689313.99171649,19,T,3.7,"$GPGGA,201642.000,4220.2253,N,07105.2428,W,1,05,3.7,16.2,M,-33.8,M,,0000*51
",1711675001,999999761
1711657003.2550163,5,1711657003,247841835,,42.337086666666664,-71.08737833333333,0.0,328040.0552967042,4689313.803275358,19,T,3.8,"$GPGGA,201643.000,4220.2252,N,07105.2427,W,1,04,3.8,16.2,M,-33.8,M,,0000*50
",1711675002,999999523
1711657004.2673292,6,1711657004,246653079,,42.337086666666664,-71.08737833333333,0.0,328040.0552967042,4689313.803275358,19,T,3.8,"$GPGGA,201644.000,4220.2252,N,07105.2427,W,1,04,3.8,16.1,M,-33.8,M,,0000*54
",1711675003,999999523
1711657005.2689347,7,1711657005,260493755,,42.337085,-71.08737666666667,0.0,328040.188060832,4689313.614834229,19,T,3.7,"$GPGGA,201645.000,4220.2251,N,07105.2426,W,1,05,3.7,16.1,M,-33.8,M,,0000*59
",1711675004,999999761
1711657006.2555423,8,1711657006,248119831,,45.67041666666667,-71.08737666666667,0.0,337413.4223308936,5059548.609304367,19,T,3.7,"$GPGGA,201646.000,4220.2250,N,07105.2426,W,1,05,3.7,16.1,M,-33.8,M,,0000*5B
",1711675005,999999761
1711657007.2686436,9,1711657007,260802745,,45.67041666666667,-71.08737666666667,0.0,337413.4223308936,5059548.609304367,19,T,3.7,"$GPGGA,201647.000,4220.2250,N,07105.2426,W,1,05,3.7,16.1,M,-33.8,M,,0000*5A
",1711675006,999999761
1711657008.2711356,10,1711657008,248325109,,42.33708166666667,-71.087375,0.0,328040.31628199253,4689313.241322495,19,T,3.7,"$GPGGA,201648.000,4220.2249,N,07105.2425,W,1,05,3.7,16.1,M,-33.8,M,,0000*5E
",1711675007,999999284
1711657009.2694054,11,1711657009,248558998,,42.33708166666667,-71.087375,0.0,328040.31628199253,4689313.241322495,19,T,3.7,"$GPGGA,201649.000,4220.2249,N,07105.2425,W,1,05,3.7,16.1,M,-33.8,M,,0000*5F
",1711675008,999999046
1711657010.2712016,12,1711657010,248064756,,45.6704,-71.087365,0.0,337414.2827667904,5059546.73396575,19,T,3.6,"$GPGGA,201650.000,4220.2240,N,07105.2419,W,1,05,3.6,15.7,M,-33.8,M,,0000*55
",1711675009,999999284
1711657011.2569427,13,1711657011,249081611,,42.33705166666667,-71.08736,0.0,328041.47027310473,4689309.879717,19,T,3.6,"$GPGGA,201651.000,4220.2231,N,07105.2416,W,1,05,3.6,15.4,M,-33.8,M,,0000*5E
",1711675010,999999761
1711657012.2523026,14,1711657012,244480609,,42.33703166666667,-71.08735666666666,0.0,328041.69037227996,4689307.652128717,19,T,3.6,"$GPGGA,201652.000,4220.2219,N,07105.2414,W,1,05,3.6,15.1,M,-33.8,M,,0000*50
",1711675012,0
1711657013.2751756,15,1711657013,248899221,,42.33701,-71.08735166666666,0.0,328042.0432360004,4689305.236099365,19,T,3.6,"$GPGGA,201653.000,4220.2206,N,07105.2411,W,1,05,3.6,14.8,M,-33.8,M,,0000*52
",1711675012,999999284
1711657014.2711344,16,1711657014,248214721,,42.33698833333333,-71.08734333333334,0.0,328042.6707146734,4689302.813329119,19,T,3.6,"$GPGGA,201654.000,4220.2193,N,07105.2406,W,1,05,3.6,14.5,M,-33.8,M,,0000*51
",1711675013,999999284
1711657015.272826,17,1711657015,265543937,,42.336965,-71.08732666666667,0.0,328043.98018783523,4689300.188636139,19,T,3.6,"$GPGGA,201655.000,4220.2179,N,07105.2396,W,1,05,3.6,14.3,M,-33.8,M,,0000*5C
",1711675014,999999761
1711657016.2556555,18,1711657016,247968196,,42.336938333333336,-71.08729333333333,0.0,328046.65365071374,4689297.160098297,19,T,3.6,"$GPGGA,201656.000,4220.2163,N,07105.2376,W,1,05,3.6,13.9,M,-33.8,M,,0000*57
",1711675015,999999761
1711657017.273961,19,1711657017,247838735,,42.33693,-71.08725833333334,0.0,328049.5143932305,4689296.16396788,19,T,3.6,"$GPGGA,201657.000,4220.2158,N,07105.2355,W,1,05,3.6,13.7,M,-33.8,M,,0000*51
",1711675016,999999284
1711657018.2549806,20,1711657018,247607469,,42.336915,-71.08720666666666,0.0,328053.73004079895,4689294.393853708,19,T,3.6,"$GPGGA,201658.000,4220.2149,N,07105.2324,W,1,05,3.6,13.2,M,-33.8,M,,0000*5D
",1711675017,999999761
1711657019.2725086,21,1711657019,248785734,,42.33692166666667,-189.4205,0.0,0.0,0.0,0,,3.6,"$GPGGA,201659.000,4220.2153,N,07105.2300,W,1,05,3.6,12.9,M,-33.8,M,,0000*5B
",1711675018,999999284
1711657020.2570472,22,1711657020,248764276,,45.67026666666667,-71.08712333333334,0.0,337432.7199321857,5059531.4300581915,19,T,3.6,"$GPGGA,201700.000,4220.2160,N,07105.2274,W,1,05,3.6,12.6,M,-33.8,M,,0000*5B
",1711675019,999999523
1711657021.2578135,23,1711657021,248732089,,42.33696833333333,-71.08708666666666,0.0,328063.76153421553,4689300.073462736,19,T,3.6,"$GPGGA,201701.000,4220.2181,N,07105.2252,W,1,05,3.6,12.4,M,-33.8,M,,0000*53
",1711675020,999999761
1711657022.2503548,24,1711657022,242976427,,45.67035,-71.087055,0.0,337438.2837495216,5059540.549541021,19,T,3.6,"$GPGGA,201702.000,4220.2210,N,07105.2233,W,1,05,3.6,12.4,M,-33.8,M,,0000*5C
",1711675021,999999523
1711657023.2556937,25,1711657023,248411655,,42.33706166666666,-71.08701833333333,0.0,328069.64549900277,4689310.299246963,19,T,3.6,"$GPGGA,201703.000,4220.2237,N,07105.2211,W,1,05,3.6,12.4,M,-33.8,M,,0000*58
",1711675022,999999523
1711657024.2768364,26,1711657024,251200437,,42.337111666666665,-71.08698166666667,0.0,328072.8025201404,4689315.777227193,19,T,3.6,"$GPGGA,201704.000,4220.2267,N,07105.2189,W,1,05,3.6,12.5,M,-33.8,M,,0000*59
",1711675023,999999284
1711657025.2563543,27,1711657025,248886108,,42.337163333333336,-71.08694166666666,0.0,328076.2386925346,4689321.4335397165,19,T,3.6,"$GPGGA,201705.000,4220.2298,N,07105.2165,W,1,05,3.6,12.7,M,-33.8,M,,0000*58
",1711675025,0
1711657026.2560923,28,1711657026,249044656,,42.33721833333333,-71.08690333333334,0.0,328079.54663675313,4689327.46336478,19,T,3.6,"$GPGGA,201706.000,4220.2331,N,07105.2142,W,1,05,3.6,12.9,M,-33.8,M,,0000*52
",1711675025,999999761
1711657027.2584865,29,1711657027,249643087,,42.337285,-71.08687166666667,0.0,328082.33714210097,4689334.802164353,19,T,3.6,"$GPGGA,201707.000,4220.2371,N,07105.2123,W,1,05,3.6,13.2,M,-33.8,M,,0000*5A
",1711675026,999999761
1711657028.2707906,30,1711657028,244520664,,42.33737333333333,-71.08685333333334,0.0,328084.08823417785,4689344.573840213,19,T,3.6,"$GPGGA,201708.000,4220.2424,N,07105.2112,W,1,05,3.6,13.9,M,-33.8,M,,0000*5B
",1711675027,999999284
1711657029.2657692,31,1711657029,248614311,,42.33745833333333,-71.08683166666667,0.0,328086.1048513537,4689353.968635993,19,T,3.6,"$GPGGA,201709.000,4220.2475,N,07105.2099,W,1,05,3.6,14.6,M,-33.8,M,,0000*54
",1711675028,999999284
1711657030.2556183,32,1711657030,246911048,,42.337558333333334,-71.08682166666667,0.0,328087.2011976365,4689365.052655191,19,T,3.7,"$GPGGA,201710.000,4220.2535,N,07105.2093,W,1,04,3.7,15.7,M,-33.8,M,,0000*53
",1711675029,999999761
1711657031.2540796,33,1711657031,246870756,,42.33766166666667,-71.08681333333334,0.0,328088.1693195775,4689376.510185494,19,T,3.7,"$GPGGA,201711.000,4220.2597,N,07105.2088,W,1,04,3.7,16.8,M,-33.8,M,,0000*5C
",1711675030,999999761
1711657032.25412,34,1711657032,246196269,,42.337736666666665,-71.08679166666667,0.0,328090.15867484617,4689384.794558725,19,T,3.7,"$GPGGA,201712.000,4220.2642,N,07105.2075,W,1,04,3.7,17.7,M,-33.8,M,,0000*58
",1711675031,999999761
1711657033.2536173,35,1711657033,246178388,,42.33777666666667,-71.086755,0.0,328093.2884004298,4689389.162123605,19,T,3.7,"$GPGGA,201713.000,4220.2666,N,07105.2053,W,1,04,3.7,18.1,M,-33.8,M,,0000*52
",1711675032,999999761
1711657034.2536418,36,1711657034,246305942,,42.33779833333333,-71.08672166666666,0.0,328096.09355344134,4689391.500651858,19,T,3.7,"$GPGGA,201714.000,4220.2679,N,07105.2033,W,1,04,3.7,18.4,M,-33.8,M,,0000*58
",1711675033,999999761
1711657035.259343,37,1711657035,242146492,,42.33781,-72.75336666666666,0.0,685077.9927980176,4689728.487177932,18,T,3.7,"$GPGGA,201715.000,4220.2686,N,07105.2020,W,1,04,3.7,18.6,M,-33.8,M,,0000*59
",1711675034,999999761
1711657036.250898,38,1711657036,242627859,,42.33781166666667,-72.75335,0.0,685079.3609768533,4689728.708530238,18,T,3.7,"$GPGGA,201716.000,4220.2687,N,07105.2010,W,1,04,3.7,18.7,M,-33.8,M,,0000*59
",1711675036,0
1711657037.2592204,39,1711657037,250921010,,42.33782166666667,-71.086685,0.0,328099.1778571323,4689394.017512994,19,T,3.7,"$GPGGA,201717.000,4220.2693,N,07105.2011,W,1,04,3.7,19.1,M,-33.8,M,,0000*5B
",1711675036,999999761
1711657038.2551227,40,1711657038,247513532,,42.33783,-71.08669,0.0,328098.78864837345,4689394.952974345,19,T,3.7,"$GPGGA,201718.000,4220.2698,N,07105.2014,W,1,04,3.7,19.5,M,-33.8,M,,0000*5E
",1711675037,999999761
1711657039.2574394,41,1711657039,248475551,,42.337846666666664,-71.08669666666667,0.0,328098.2848420873,4689396.81715827,19,T,3.7,"$GPGGA,201719.000,4220.2708,N,07105.2018,W,1,04,3.7,20.0,M,-33.8,M,,0000*54
",1711675038,999999761
1711657040.256268,42,1711657040,248387575,,42.33786166666667,-71.086695,0.0,328098.4630216024,4689398.479424468,19,T,3.7,"$GPGGA,201720.000,4220.2717,N,07105.2017,W,1,04,3.7,20.4,M,-33.8,M,,0000*5B
",1711675039,999999761
1711657041.2700226,43,1711657041,247086524,,42.337873333333334,-71.08667666666666,0.0,328100.0051718388,4689399.73785535,19,T,3.7,"$GPGGA,201721.000,4220.2724,N,07105.2006,W,1,04,3.7,20.6,M,-33.8,M,,0000*58
",1711675040,999999046
1711657042.2506652,44,1711657042,242453575,,45.671216666666666,-71.08664333333333,0.0,337472.8578677382,5059635.999379844,19,T,3.7,"$GPGGA,201722.000,4220.2730,N,07105.1986,W,1,04,3.7,20.7,M,-33.8,M,,0000*5D
",1711675041,999999761
1711657043.2717054,45,1711657043,263447523,,42.337891666666664,-71.08659333333334,0.0,328106.9203960856,4689401.605165898,19,T,3.7,"$GPGGA,201723.000,4220.2735,N,07105.1956,W,1,04,3.7,20.7,M,-33.8,M,,0000*54
",1711675042,999999761
1711657044.2559426,46,1711657044,246758699,,45.67123333333333,-71.08653666666666,0.0,337481.2142335881,5059637.634494024,19,T,3.7,"$GPGGA,201724.000,4220.2740,N,07105.1922,W,1,04,3.7,20.5,M,-33.8,M,,0000*50
",1711675043,999999761
1711657045.2704,47,1711657045,262738943,,42.337905,-71.08647666666667,0.0,328116.56809921074,4689402.849889337,19,T,3.7,"$GPGGA,201725.000,4220.2743,N,07105.1886,W,1,04,3.7,20.4,M,-33.8,M,,0000*5C
",1711675044,999999761
1711657046.25024,48,1711657046,241823196,,45.67125,-71.08643166666667,0.0,337489.4407804147,5059639.273002358,19,T,3.7,"$GPGGA,201726.000,4220.2750,N,07105.1859,W,1,04,3.7,20.3,M,-33.8,M,,0000*58
",1711675045,999999761
1711657047.255186,49,1711657047,246770381,,42.33792166666667,-71.08639166666667,0.0,328123.616079535,4689404.528776459,19,T,3.7,"$GPGGA,201727.000,4220.2753,N,07105.1835,W,1,04,3.7,20.1,M,-33.8,M,,0000*52
",1711675046,999999761
1711657048.249043,50,1711657048,241277456,,42.33792833333333,-71.08636166666666,0.0,328126.1057379817,4689405.208418582,19,T,3.7,"$GPGGA,201728.000,4220.2757,N,07105.1817,W,1,04,3.7,20.1,M,-33.8,M,,0000*59
",1711675047,999999761
1711657049.2532742,51,1711657049,245869636,,42.33793166666667,-71.08633666666667,0.0,328128.17439856404,4689405.528026854,19,T,3.7,"$GPGGA,201729.000,4220.2759,N,07105.1802,W,1,04,3.7,20.0,M,-33.8,M,,0000*53
",1711675048,999999523
1711657050.269776,52,1711657050,262469530,,42.33794,-71.08630833333333,0.0,328130.53129161627,4689406.396109995,19,T,3.7,"$GPGGA,201730.000,4220.2764,N,07105.1785,W,1,04,3.7,19.9,M,-33.8,M,,0000*56
",1711675049,999999761
1711657051.2718768,53,1711657051,263209581,,42.33796,-71.08627666666666,0.0,328133.1945791212,4689408.552950771,19,T,3.7,"$GPGGA,201731.000,4220.2776,N,07105.1766,W,1,04,3.7,19.9,M,-33.8,M,,0000*59
",1711675050,999999761
1711657052.255546,54,1711657052,246723651,,42.337981666666664,-71.086235,0.0,328136.6862364751,4689410.874651006,19,T,3.7,"$GPGGA,201732.000,4220.2789,N,07105.1741,W,1,04,3.7,19.8,M,-33.8,M,,0000*5E
",1711675051,999999761
1711657053.2520385,55,1711657053,241702079,,42.338013333333336,-71.086185,0.0,328140.8916597929,4689414.289933628,19,T,3.7,"$GPGGA,201733.000,4220.2808,N,07105.1711,W,1,04,3.7,19.9,M,-33.8,M,,0000*5D
",1711675052,999999761
1711657054.2496605,56,1711657054,241831541,,42.338051666666665,-71.08613,0.0,328145.5271554406,4689418.435395615,19,T,3.7,"$GPGGA,201734.000,4220.2831,N,07105.1678,W,1,04,3.7,20.0,M,-33.8,M,,0000*5D
",1711675053,999999284
1711657055.2714937,57,1711657055,262994289,,42.33808,-71.08606166666667,0.0,328151.23384371697,4689421.4434894845,19,T,3.7,"$GPGGA,201735.000,4220.2848,N,07105.1637,W,1,04,3.7,19.8,M,-33.8,M,,0000*5B
",1711675054,999999761
1711657056.2537675,58,1711657056,246215343,,42.33811333333333,-71.08599,0.0,328157.2287568456,4689425.000063165,19,T,3.7,"$GPGGA,201736.000,4220.2868,N,07105.1594,W,1,04,3.7,19.6,M,-33.8,M,,0000*5E
",1711675055,999999761
1711657057.2714307,59,1711657057,263440608,,42.33815333333333,-72.75258333333333,0.0,685141.5193337296,4689768.317552064,18,T,3.7,"$GPGGA,201737.000,4220.2892,N,07105.1550,W,1,04,3.7,19.5,M,-33.8,M,,0000*51
",1711675056,999999761
1711657058.2547421,60,1711657058,246750831,,42.33821,-71.08584833333333,0.0,328169.1629752171,4689435.447864736,19,T,3.7,"$GPGGA,201738.000,4220.2926,N,07105.1509,W,1,04,3.7,19.7,M,-33.8,M,,0000*5E
",1711675057,999999761
1711657059.2611432,61,1711657059,242892503,,42.338271666666664,-72.75245,0.0,685152.1564877927,4689781.748046403,18,T,3.7,"$GPGGA,201739.000,4220.2963,N,07105.1470,W,1,04,3.7,20.0,M,-33.8,M,,0000*5C
",1711675058,999999284
1711657060.2551754,62,1711657060,246442556,,112.33833333333334,-71.08572166666667,0.0,0.0,0.0,0,,3.7,"$GPGGA,201740.000,4220.3000,N,07105.1433,W,1,04,3.7,20.4,M,-33.8,M,,0000*5C
",1711675059,999999761
1711657061.2566729,63,1711657061,246168851,,42.338395,-71.08566333333333,0.0,328184.90765956533,4689455.616866307,19,T,3.7,"$GPGGA,201741.000,4220.3037,N,07105.1398,W,1,04,3.7,20.8,M,-33.8,M,,0000*53
",1711675060,999999523
1711657063.253633,64,1711657063,246510267,,42.33851166666667,-71.085545,0.0,328194.9739986076,4689468.3327060435,19,T,3.7,"$GPGGA,201743.000,4220.3107,N,07105.1327,W,1,04,3.7,21.5,M,-33.8,M,,0000*5B
",1711675062,999999523
1711657064.2562196,65,1711657064,246392726,,42.338555,-71.08546833333334,0.0,328201.40799481294,4689472.989636985,19,T,3.7,"$GPGGA,201744.048,4220.3133,N,07105.1281,W,1,04,3.7,21.6,M,-33.8,M,,0000*59
",1711675064,49999713
1711657065.2708614,66,1711657065,262411594,,42.33857,-71.085385,0.0,328208.31403846317,4689474.486903613,19,T,3.7,"$GPGGA,201745.000,4220.3142,N,07105.1231,W,1,04,3.7,21.1,M,-33.8,M,,0000*5E
",1711675064,999999761
1711657066.2530882,67,1711657066,245820760,,42.338591666666666,-71.08530166666667,0.0,328215.23823319166,4689476.724459485,19,T,3.7,"$GPGGA,201746.000,4220.3155,N,07105.1181,W,1,04,3.7,20.8,M,-33.8,M,,0000*5B
",1711675065,999999761
1711657067.2687,68,1711657067,246185541,,42.33862,-71.085225,0.0,328221.63136183587,4689479.715772794,19,T,3.7,"$GPGGA,201747.000,4220.3172,N,07105.1135,W,1,04,3.7,20.6,M,-33.8,M,,0000*5E
",1711675066,999999284
1711657068.2704108,69,1711657068,246112108,,42.33864833333333,-71.08515333333334,0.0,328227.6125737466,4689482.717192595,19,T,3.7,"$GPGGA,201748.000,4220.3189,N,07105.1092,W,1,04,3.7,20.3,M,-33.8,M,,0000*5C
",1711675067,999999046
1711657069.2706437,70,1711657069,246885538,,42.338663333333336,-72.75175,0.0,685208.6749604768,4689826.764694076,18,T,3.7,"$GPGGA,201749.000,4220.3198,N,07105.1050,W,1,04,3.7,19.8,M,-33.8,M,,0000*52
",1711675068,999999284
1711657070.254529,71,1711657070,245668172,,42.33865333333333,-71.08500666666667,0.0,328239.70891215955,4689482.976124185,19,T,3.7,"$GPGGA,201750.000,4220.3192,N,07105.1004,W,1,04,3.7,18.6,M,-33.8,M,,0000*5E
",1711675069,999999761
1711657071.2491674,72,1711657071,241864681,,42.338588333333334,-71.08490666666667,0.0,328247.7701611053,4689475.556372415,19,T,3.7,"$GPGGA,201751.000,4220.3153,N,07105.0944,W,1,04,3.7,16.2,M,-33.8,M,,0000*54
",1711675070,999999761
1711657072.2534797,73,1711657072,246016263,,42.338521666666665,-71.08482333333333,0.0,328254.4538500939,4689467.985223796,19,T,3.7,"$GPGGA,201752.000,4220.3113,N,07105.0894,W,1,04,3.7,14.1,M,-33.8,M,,0000*5E
",1711675071,999999761
1711657073.2493582,74,1711657073,240499496,,42.33842,-71.08473833333333,0.0,328261.1795735364,4689456.524232783,19,T,3.7,"$GPGGA,201753.000,4220.3052,N,07105.0843,W,1,04,3.7,11.1,M,-33.8,M,,0000*54
",1711675073,0
1711657074.2478733,75,1711657074,238367319,,42.338348333333336,-71.084685,0.0,328265.378206478,4689448.458477079,19,T,3.7,"$GPGGA,201754.000,4220.3009,N,07105.0811,W,1,04,3.7,9.2,M,-33.8,M,,0000*60
",1711675073,999999761
1711657075.2464607,76,1711657075,238885641,,42.338301666666666,-72.75131666666667,0.0,685245.4363971213,4689787.54800616,18,T,3.7,"$GPGGA,201755.000,4220.2981,N,07105.0790,W,1,04,3.7,8.4,M,-33.8,M,,0000*68
",1711675074,999999761
1711657076.2627113,77,1711657076,239182949,,42.338258333333336,-72.75128333333333,0.0,685248.3097743845,4689782.808747518,18,T,3.7,"$GPGGA,201756.000,4220.2955,N,07105.0770,W,1,04,3.7,7.7,M,-33.8,M,,0000*60
",1711675075,999999523
1711657077.2470357,78,1711657077,238594055,,42.338215,-71.08457833333334,0.0,328273.8027249987,4689433.437398022,19,T,3.7,"$GPGGA,201757.000,4220.2929,N,07105.0747,W,1,04,3.7,7.1,M,-33.8,M,,0000*68
",1711675076,999999761
1711657078.2453744,79,1711657078,238520383,,42.338168333333336,-71.084535,0.0,328277.2456124973,4689428.16790569,19,T,3.7,"$GPGGA,201758.000,4220.2901,N,07105.0721,W,1,04,3.7,6.6,M,-33.8,M,,0000*6B
",1711675077,999999761
1711657079.2552977,80,1711657079,239664077,,42.338121666666666,-71.08448833333334,0.0,328280.96311505185,4689422.891683518,19,T,3.7,"$GPGGA,201759.000,4220.2873,N,07105.0693,W,1,04,3.7,6.6,M,-33.8,M,,0000*66
",1711675078,999999761
1711657080.247005,81,1711657080,239652633,,42.338073333333334,-71.08444166666666,0.0,328284.6760867307,4689417.430392917,19,T,3.7,"$GPGGA,201800.000,4220.2844,N,07105.0665,W,1,04,3.7,7.3,M,-33.8,M,,0000*6C
",1711675079,999999761
1711657081.2469475,82,1711657081,239562988,,42.338035,-72.75106666666667,0.0,685266.815488406,4689758.481130192,18,T,3.7,"$GPGGA,201801.000,4220.2821,N,07105.0640,W,1,04,3.7,8.5,M,-33.8,M,,0000*60
",1711675080,999999761
1711657082.252276,83,1711657082,244385242,,42.33799666666667,-71.08435666666666,0.0,328291.46996014507,4689408.745493685,19,T,3.7,"$GPGGA,201802.000,4220.2798,N,07105.0614,W,1,04,3.7,8.2,M,-33.8,M,,0000*68
",1711675081,999999761
1711657083.263085,84,1711657083,246148586,,42.337965,-71.08431833333333,0.0,328294.54178596067,4689405.15174312,19,T,3.7,"$GPGGA,201803.000,4220.2779,N,07105.0591,W,1,04,3.7,6.8,M,-33.8,M,,0000*6C
",1711675082,999999761
1711657084.2480538,85,1711657084,240667343,,42.33792,-71.08427666666667,0.0,328297.85193506547,4689400.070698177,19,T,3.7,"$GPGGA,201804.000,4220.2752,N,07105.0566,W,1,04,3.7,6.3,M,-33.8,M,,0000*61
",1711675083,999999761
1711657085.2550864,86,1711657085,247848749,,42.33786833333333,-71.08422833333333,0.0,328301.693165877,4689394.235910819,19,T,3.7,"$GPGGA,201805.000,4220.2721,N,07105.0537,W,1,04,3.7,6.1,M,-33.8,M,,0000*62
",1711675084,999999761
1711657086.2446315,87,1711657086,236995697,,42.337826666666665,-71.084185,0.0,328305.14970341435,4689389.521645465,19,T,3.7,"$GPGGA,201806.000,4220.2696,N,07105.0511,W,1,04,3.7,6.1,M,-33.8,M,,0000*68
",1711675085,999999761
1711657087.261099,88,1711657087,240277528,,42.337781666666665,-71.08414333333333,0.0,328308.4598682007,4689384.440606092,19,T,3.7,"$GPGGA,201807.000,4220.2669,N,07105.0486,W,1,04,3.7,6.4,M,-33.8,M,,0000*63
",1711675086,999999523
1711657088.2479227,89,1711657088,239786863,,42.337745,-71.08410666666667,0.0,328311.3808005539,4689380.295017133,19,T,3.6,"$GPGGA,201808.000,4220.2647,N,07105.0464,W,1,05,3.6,6.6,M,-33.8,M,,0000*6E
",1711675087,999999761
1711657089.2464073,90,1711657089,239168405,,42.337711666666664,-71.084075,0.0,328313.8988909898,4689376.529666246,19,T,3.6,"$GPGGA,201809.000,4220.2627,N,07105.0445,W,1,05,3.6,6.5,M,-33.8,M,,0000*69
",1711675088,999999761
1711657090.2486112,91,1711657090,241335868,,42.337646666666664,-71.08402666666667,0.0,328317.7038632439,4689369.214323941,19,T,3.6,"$GPGGA,201810.000,4220.2588,N,07105.0416,W,1,05,3.6,5.3,M,-33.8,M,,0000*64
",1711675089,999999761
1711657091.2472672,92,1711657091,240211248,,42.33759,-71.08398833333334,0.0,328320.70768611575,4689362.844527174,19,T,3.6,"$GPGGA,201811.000,4220.2554,N,07105.0393,W,1,05,3.6,5.0,M,-33.8,M,,0000*6D
",1711675090,999999761
1711657092.2458227,93,1711657092,238295793,,42.337563333333335,-71.08397,0.0,328322.1454823206,4689359.84638245,19,T,3.6,"$GPGGA,201812.000,4220.2538,N,07105.0382,W,1,05,3.6,5.0,M,-33.8,M,,0000*64
",1711675091,999999523
1711657093.2650435,94,1711657093,257830381,,42.337535,-72.75061666666667,0.0,685305.3570349312,4689703.940036923,18,T,3.6,"$GPGGA,201813.000,4220.2521,N,07105.0370,W,1,05,3.6,6.2,M,-33.8,M,,0000*61
",1711675092,999999761
1711657094.2485287,95,1711657094,241698503,,42.337518333333335,-71.08394166666666,0.0,328324.3572255493,4689354.79227177,19,T,3.6,"$GPGGA,201814.000,4220.2511,N,07105.0365,W,1,05,3.6,6.6,M,-33.8,M,,0000*65
",1711675093,999999761
1711657095.2573774,96,1711657095,250221967,,42.33750833333333,-71.08393666666667,0.0,328324.7419308288,4689353.6717533665,19,T,3.6,"$GPGGA,201815.000,4220.2505,N,07105.0362,W,1,05,3.6,6.9,M,-33.8,M,,0000*69
",1711675094,999999761
1711657096.283331,97,1711657096,258668661,,42.33750333333333,-71.08393666666667,0.0,328324.7283242599,4689353.116541612,19,T,3.6,"$GPGGA,201816.000,4220.2502,N,07105.0362,W,1,05,3.6,7.0,M,-33.8,M,,0000*65
",1711675095,999999523
1711657097.248471,98,1711657097,241359949,,42.337493333333335,-71.083935,0.0,328324.8384173224,4689352.002753148,19,T,3.6,"$GPGGA,201817.000,4220.2496,N,07105.0361,W,1,05,3.6,7.1,M,-33.8,M,,0000*6A
",1711675096,999999761
1711657098.2598395,99,1711657098,252078294,,42.33747666666667,-71.08394,0.0,328324.3811434516,4689350.162142195,19,T,3.6,"$GPGGA,201818.000,4220.2486,N,07105.0364,W,1,05,3.6,7.3,M,-33.8,M,,0000*63
",1711675097,999999761
1711657099.2535503,100,1711657099,246477842,,42.337455,-71.083955,0.0,328323.086425096,4689347.786509413,19,T,3.6,"$GPGGA,201819.000,4220.2473,N,07105.0373,W,1,05,3.6,7.4,M,-33.8,M,,0000*69
",1711675098,999999761
1711657100.2657604,101,1711657100,258490562,,42.337426666666666,-72.75065,0.0,685302.9291206338,4689691.837677606,18,T,3.6,"$GPGGA,201820.000,4220.2456,N,07105.0390,W,1,05,3.6,7.5,M,-33.8,M,,0000*68
",1711675099,999999761
1711657101.2512157,102,1711657101,241580486,,42.33739666666666,-71.08402333333333,0.0,328317.298117991,4689341.447005856,19,T,3.5,"$GPGGA,201821.000,4220.2438,N,07105.0414,W,1,05,3.5,7.5,M,-33.8,M,,0000*69
",1711675100,999999761
1711657102.2651527,103,1711657102,258586406,,42.337363333333336,-71.08407333333334,0.0,328313.0882096018,4689337.846548413,19,T,3.5,"$GPGGA,201822.000,4220.2418,N,07105.0444,W,1,05,3.5,7.6,M,-33.8,M,,0000*6E
",1711675101,999999523
1711657103.2547588,104,1711657103,247543096,,112.33733333333333,-71.08413,0.0,0.0,0.0,0,,3.5,"$GPGGA,201823.000,4220.2400,N,07105.0478,W,1,05,3.5,7.7,M,-33.8,M,,0000*68
",1711675102,999999761
1711657104.2734187,105,1711657104,245924234,,42.33729833333334,-71.08418833333333,0.0,328303.43715631485,4689330.860999551,19,T,3.5,"$GPGGA,201824.000,4220.2379,N,07105.0513,W,1,05,3.5,7.6,M,-33.8,M,,0000*6B
",1711675103,999999046
1711657105.2851105,106,1711657105,262268066,,45.6706,-71.084245,0.0,337657.87691743765,5059562.6225284,19,T,3.5,"$GPGGA,201825.000,4220.2360,N,07105.0547,W,1,05,3.5,7.6,M,-33.8,M,,0000*63
",1711675104,999998807
1711657106.2499597,107,1711657106,242131948,,42.33723833333333,-71.08429666666666,0.0,328294.34891954775,4689324.417213047,19,T,3.5,"$GPGGA,201826.000,4220.2343,N,07105.0578,W,1,05,3.5,7.6,M,-33.8,M,,0000*6D
",1711675105,999999761
1711657107.2704804,108,1711657107,263471841,,42.33721833333333,-71.08434166666666,0.0,328290.58720062574,4689322.287236629,19,T,3.5,"$GPGGA,201827.000,4220.2331,N,07105.0605,W,1,05,3.5,7.5,M,-33.8,M,,0000*63
",1711675106,999999761
1711657108.250193,109,1711657108,242150306,,42.337208333333336,-71.08438666666666,0.0,328286.85269822297,4689321.267685656,19,T,3.5,"$GPGGA,201828.000,4220.2325,N,07105.0632,W,1,05,3.5,7.5,M,-33.8,M,,0000*6D
",1711675107,999999761
1711657109.2726998,110,1711657109,246384620,,42.33721166666667,-71.08442833333334,0.0,328283.429100863,4689321.721969786,19,T,3.5,"$GPGGA,201829.000,4220.2327,N,07105.0657,W,1,05,3.5,7.4,M,-33.8,M,,0000*6C
",1711675108,999999523
1711657110.2562432,111,1711657110,247231483,,42.337225,-71.08446333333333,0.0,328280.581950956,4689323.273215837,19,T,3.5,"$GPGGA,201830.000,4220.2335,N,07105.0678,W,1,05,3.5,7.6,M,-33.8,M,,0000*68
",1711675109,999999761
1711657111.2687812,112,1711657111,242354393,,45.67058333333333,-71.084495,0.0,337638.35636453785,5059561.2778398,19,T,3.5,"$GPGGA,201831.000,4220.2350,N,07105.0697,W,1,05,3.5,7.7,M,-33.8,M,,0000*6A
",1711675110,999999284
1711657112.2520869,113,1711657112,242418289,,42.33728,-71.08452666666666,0.0,328275.51400710095,4689329.508447792,19,T,3.5,"$GPGGA,201832.000,4220.2368,N,07105.0716,W,1,05,3.5,7.9,M,-33.8,M,,0000*64
",1711675111,999999761
1711657113.2505538,114,1711657113,241867780,,42.337311666666665,-71.08455833333333,0.0,328272.9913807878,4689333.08874173,19,T,3.5,"$GPGGA,201833.000,4220.2387,N,07105.0735,W,1,05,3.5,8.1,M,-33.8,M,,0000*62
",1711675112,999999523
1711657114.2621036,115,1711657114,241950035,,42.33734833333333,-71.08459166666667,0.0,328270.3450614277,4689337.2276144475,19,T,3.5,"$GPGGA,201834.000,4220.2409,N,07105.0755,W,1,05,3.5,8.6,M,-33.8,M,,0000*65
",1711675113,999999284
1711657115.2687125,116,1711657115,242592096,,42.33738666666667,-71.08463,0.0,328267.2913630413,4689341.5616571,19,T,3.5,"$GPGGA,201835.000,4220.2432,N,07105.0778,W,1,05,3.5,9.1,M,-33.8,M,,0000*65
",1711675114,999999284
1711657116.2669106,117,1711657116,258462667,,42.337426666666666,-71.08466833333334,0.0,328264.24220567656,4689346.080771812,19,T,3.5,"$GPGGA,201836.000,4220.2456,N,07105.0801,W,1,05,3.5,9.8,M,-33.8,M,,0000*6C
",1711675115,999999761
1711657117.2519445,118,1711657117,243737697,,45.6708,-71.08470833333334,0.0,337622.3667568256,5059585.781898324,19,T,3.5,"$GPGGA,201837.000,4220.2480,N,07105.0825,W,1,05,3.5,10.3,M,-33.8,M,,0000*53
",1711675116,999999523
1711657118.264307,119,1711657118,242193222,,42.33750666666667,-71.08474833333334,0.0,328257.86929085595,4689355.125738194,19,T,3.5,"$GPGGA,201838.000,4220.2504,N,07105.0849,W,1,05,3.5,10.8,M,-33.8,M,,0000*50
",1711675117,999999284
1711657119.249927,120,1711657119,242566108,,42.337543333333336,-71.08478666666667,0.0,328254.811071165,4689359.274716257,19,T,3.5,"$GPGGA,201839.000,4220.2526,N,07105.0872,W,1,05,3.5,11.5,M,-33.8,M,,0000*55
",1711675119,0
1711657120.2627063,121,1711657120,242857456,,45.67091666666666,-71.08483,0.0,337613.22777692805,5059598.990191878,19,T,3.5,"$GPGGA,201840.000,4220.2550,N,07105.0898,W,1,05,3.5,12.4,M,-33.8,M,,0000*5C
",1711675119,999999761
1711657121.249048,122,1711657121,241210222,,42.337621666666664,-71.08487166666667,0.0,328248.02172603516,4689368.14472091,19,T,3.5,"$GPGGA,201841.000,4220.2573,N,07105.0923,W,1,05,3.5,13.5,M,-33.8,M,,0000*5D
",1711675120,999999523
1711657122.2516494,123,1711657122,243654966,,42.33765666666667,-71.084915,0.0,328244.54706301854,4689372.11873271,19,T,3.5,"$GPGGA,201842.000,4220.2594,N,07105.0949,W,1,05,3.5,14.7,M,-33.8,M,,0000*5E
",1711675121,999999761
1711657123.265894,124,1711657123,242433547,,42.337691666666665,-71.084955,0.0,328241.34701556305,4689376.086013149,19,T,3.5,"$GPGGA,201843.000,4220.2615,N,07105.0973,W,1,05,3.5,15.6,M,-33.8,M,,0000*5C
",1711675122,999999523
1711657124.2495527,125,1711657124,242059946,,42.33772166666667,-71.08499333333333,0.0,328238.2706639882,4689379.494716697,19,T,3.5,"$GPGGA,201844.000,4220.2633,N,07105.0996,W,1,05,3.5,16.8,M,-33.8,M,,0000*59
",1711675123,999999761
1711657125.2499712,126,1711657125,241439580,,42.33775333333333,-72.7517,0.0,685215.466082592,4689725.824031811,18,T,3.5,"$GPGGA,201845.000,4220.2652,N,07105.1020,W,1,05,3.5,17.6,M,-33.8,M,,0000*55
",1711675124,999999761
1711657126.2490458,127,1711657126,241559028,,42.337775,-71.08506166666666,0.0,328232.7863458656,4689385.5550118,19,T,3.5,"$GPGGA,201846.000,4220.2665,N,07105.1037,W,1,05,3.5,18.7,M,-33.8,M,,0000*5A
",1711675125,999999761
1711657127.2512312,128,1711657127,242518186,,42.33779,-71.08508666666667,0.0,328230.7676044767,4689387.271149281,19,T,3.5,"$GPGGA,201847.000,4220.2674,N,07105.1052,W,1,05,3.5,19.4,M,-33.8,M,,0000*5A
",1711675126,999999761
1711657128.2697384,129,1711657128,242382764,,42.337801666666664,-71.08509833333333,0.0,328229.83823212364,4689388.590211345,19,T,3.5,"$GPGGA,201848.000,4220.2681,N,07105.1059,W,1,05,3.5,20.4,M,-33.8,M,,0000*5E
",1711675127,999996662
1711657129.250681,130,1711657129,242176771,,42.337805,-71.08509833333333,0.0,328229.8473082833,4689388.960352557,19,T,3.5,"$GPGGA,201849.000,4220.2683,N,07105.1059,W,1,05,3.5,21.5,M,-33.8,M,,0000*5D
",1711675128,999999523
1711657130.2496066,131,1711657130,241908073,,42.337806666666665,-71.08509166666667,0.0,328230.40106845176,4689389.131955816,19,T,3.5,"$GPGGA,201850.000,4220.2684,N,07105.1055,W,1,05,3.5,22.2,M,-33.8,M,,0000*5A
",1711675129,999999761
1711657131.2590475,132,1711657131,242214679,,42.337805,-72.75175,0.0,685211.1951710269,4689731.452359986,18,T,3.5,"$GPGGA,201851.000,4220.2683,N,07105.1050,W,1,05,3.5,22.9,M,-33.8,M,,0000*52
",1711675130,999999761
1711657132.2525587,133,1711657132,245146512,,42.33780333333333,-71.08507333333333,0.0,328231.9023531414,4689388.724779627,19,T,3.5,"$GPGGA,201852.000,4220.2682,N,07105.1044,W,1,05,3.5,23.5,M,-33.8,M,,0000*58
",1711675131,999999761
1711657133.251695,134,1711657133,243585586,,42.33780333333333,-71.08506833333334,0.0,328232.3142697278,4689388.714679235,19,T,3.5,"$GPGGA,201853.000,4220.2682,N,07105.1041,W,1,05,3.5,24.3,M,-33.8,M,,0000*5D
",1711675132,999999761
1711657134.2493095,135,1711657134,242555141,,42.337808333333335,-71.085075,0.0,328231.7786616989,4689389.283358246,19,T,3.5,"$GPGGA,201854.000,4220.2685,N,07105.1045,W,1,05,3.5,25.1,M,-33.8,M,,0000*5A
",1711675133,999999761
1711657135.2527664,136,1711657135,242944240,,42.337815,-71.08508833333333,0.0,328230.6983697895,4689390.050575188,19,T,3.5,"$GPGGA,201855.000,4220.2689,N,07105.1053,W,1,05,3.5,26.1,M,-33.8,M,,0000*53
",1711675134,999999761
1711657136.263967,137,1711657136,242611885,,42.33781833333333,-71.08509333333333,0.0,328230.2955294192,4689390.430816891,19,T,3.5,"$GPGGA,201856.000,4220.2691,N,07105.1056,W,1,05,3.5,27.2,M,-33.8,M,,0000*5E
",1711675135,999999284
1711657137.2640574,138,1711657137,242088079,,42.337826666666665,-71.085095,0.0,328230.18091429496,4689391.359536756,19,T,3.5,"$GPGGA,201857.000,4220.2696,N,07105.1057,W,1,05,3.5,27.4,M,-33.8,M,,0000*5F
",1711675136,999999523
1711657138.249199,139,1711657138,241894960,,42.337831666666666,-71.08509666666667,0.0,328230.057223051,4689391.918115413,19,T,3.5,"$GPGGA,201858.000,4220.2699,N,07105.1058,W,1,05,3.5,27.5,M,-33.8,M,,0000*51
",1711675137,999999761
1711657139.2500808,140,1711657139,242913484,,42.33783,-71.08509666666667,0.0,328230.0526849723,4689391.733044806,19,T,3.5,"$GPGGA,201859.000,4220.2698,N,07105.1058,W,1,05,3.5,27.4,M,-33.8,M,,0000*50
",1711675138,999999761
1711657140.250062,141,1711657140,242591857,,42.33783,-71.08509666666667,0.0,328230.0526849723,4689391.733044806,19,T,3.5,"$GPGGA,201900.000,4220.2698,N,07105.1058,W,1,05,3.5,27.4,M,-33.8,M,,0000*5D
",1711675139,999999761
1711657141.2675798,142,1711657141,242424488,,42.33783,-71.08509666666667,0.0,328230.0526849723,4689391.733044806,19,T,3.5,"$GPGGA,201901.000,4220.2698,N,07105.1058,W,1,05,3.5,27.4,M,-33.8,M,,0000*5C
",1711675140,999999523
1711657142.249926,143,1711657142,242317914,,42.33783,-71.08509666666667,0.0,328230.0526849723,4689391.733044806,19,T,3.5,"$GPGGA,201902.000,4220.2698,N,07105.1058,W,1,05,3.5,27.4,M,-33.8,M,,0000*5F
",1711675141,999999523
1711657143.259428,144,1711657143,242771148,,42.33783,-71.08509666666667,0.0,328230.0526849723,4689391.733044806,19,T,3.5,"$GPGGA,201903.000,4220.2698,N,07105.1058,W,1,05,3.5,27.4,M,-33.8,M,,0000*5E
",1711675142,999999761
1711657144.2658746,145,1711657144,258801937,,42.33783,-71.08509666666667,0.0,328230.0526849723,4689391.733044806,19,T,3.5,"$GPGGA,201904.000,4220.2698,N,07105.1058,W,1,05,3.5,27.4,M,-33.8,M,,0000*59
",1711675143,999999761
1711657145.2506878,146,1711657145,241899490,,42.33783,-71.08509666666667,0.0,328230.0526849723,4689391.733044806,19,T,3.5,"$GPGGA,201905.000,4220.2698,N,07105.1058,W,1,05,3.5,27.4,M,-33.8,M,,0000*58
",1711675144,999999523
1711657146.2639966,147,1711657146,242496490,,42.33783,-71.08509666666667,0.0,328230.0526849723,4689391.733044806,19,T,3.5,"$GPGGA,201906.000,4220.2698,N,07105.1058,W,1,05,3.5,27.4,M,-33.8,M,,0000*5B
",1711675145,999999284
1711657147.2710161,148,1711657147,259406328,,42.33783,-71.08509666666667,0.0,328230.0526849723,4689391.733044806,19,T,3.5,"$GPGGA,201907.000,4220.2698,N,07105.1058,W,1,05,3.5,27.5,M,-33.8,M,,0000*5B
",1711675146,999999761
1711657148.2497413,149,1711657148,242573738,,42.33783,-71.08509666666667,0.0,328230.0526849723,4689391.733044806,19,T,3.5,"$GPGGA,201908.000,4220.2698,N,07105.1058,W,1,05,3.5,27.5,M,-33.8,M,,0000*54
",1711675148,0
1711657149.2675078,150,1711657149,242009878,,42.33783,-71.08509666666667,0.0,328230.0526849723,4689391.733044806,19,T,3.5,"$GPGGA,201909.000,4220.2698,N,07105.1058,W,1,05,3.5,27.5,M,-33.8,M,,0000*55
",1711675148,999999523
1711657150.2501185,151,1711657150,242257356,,42.33783,-71.08509666666667,0.0,328230.0526849723,4689391.733044806,19,T,3.5,"$GPGGA,201910.000,4220.2698,N,07105.1058,W,1,05,3.5,27.5,M,-33.8,M,,0000*5D
",1711675149,999999523
1711657151.267994,152,1711657151,259048461,,42.33783,-71.08509666666667,0.0,328230.0526849723,4689391.733044806,19,T,3.5,"$GPGGA,201911.000,4220.2698,N,07105.1058,W,1,05,3.5,27.5,M,-33.8,M,,0000*5C
",1711675150,999999761
1711657152.2498171,153,1711657152,242535591,,42.33783,-71.08509666666667,0.0,328230.0526849723,4689391.733044806,19,T,3.5,"$GPGGA,201912.000,4220.2698,N,07105.1058,W,1,05,3.5,27.5,M,-33.8,M,,0000*5F
",1711675151,999999761
1711657153.2660427,154,1711657153,258752346,,42.33783,-71.08509666666667,0.0,328230.0526849723,4689391.733044806,19,T,3.5,"$GPGGA,201913.000,4220.2698,N,07105.1058,W,1,05,3.5,27.5,M,-33.8,M,,0000*5E
",1711675153,0
1711657154.2490315,155,1711657154,242151260,,42.33783,-71.08509666666667,0.0,328230.0526849723,4689391.733044806,19,T,3.5,"$GPGGA,201914.000,4220.2698,N,07105.1058,W,1,05,3.5,27.5,M,-33.8,M,,0000*59
",1711675153,999999761
1711657155.2599826,156,1711657155,242640733,,42.33783,-71.08509666666667,0.0,328230.0526849723,4689391.733044806,19,T,3.5,"$GPGGA,201915.000,4220.2698,N,07105.1058,W,1,05,3.5,27.5,M,-33.8,M,,0000*58
",1711675154,999999761
1711657156.2669775,157,1711657156,259158611,,42.33783,-71.08509666666667,0.0,328230.0526849723,4689391.733044806,19,T,3.5,"$GPGGA,201916.000,4220.2698,N,07105.1058,W,1,05,3.5,27.5,M,-33.8,M,,0000*5B
",1711675155,999999761
1711657157.2508981,158,1711657157,241597414,,42.33783,-72.75176666666667,0.0,685209.748698799,4689734.192141499,18,T,3.5,"$GPGGA,201917.000,4220.2698,N,07105.1060,W,1,05,3.5,27.8,M,-33.8,M,,0000*5C
",1711675156,999999761
1711657158.266375,159,1711657158,258683919,,42.33783666666667,-71.08510333333334,0.0,328229.52161546063,4689392.486794613,19,T,3.5,"$GPGGA,201918.000,4220.2702,N,07105.1062,W,1,05,3.5,28.1,M,-33.8,M,,0000*55
",1711675157,999999761
1711657159.2641594,160,1711657159,243089914,,42.337845,-71.08510833333334,0.0,328229.132389616,4689393.42224821,19,T,3.5,"$GPGGA,201919.000,4220.2707,N,07105.1065,W,1,05,3.5,28.5,M,-33.8,M,,0000*52
",1711675158,999999046
1711657160.2506454,161,1711657160,242470026,,42.337855,-71.08511333333334,0.0,328228.7477020007,4689394.54277244,19,T,3.5,"$GPGGA,201920.000,4220.2713,N,07105.1068,W,1,05,3.5,28.8,M,-33.8,M,,0000*5D
",1711675159,999999761
1711657161.2680945,162,1711657161,242591857,,42.337851666666666,-71.08511166666666,0.0,328228.8759311921,4689394.16926436,19,T,3.5,"$GPGGA,201921.000,4220.2711,N,07105.1067,W,1,05,3.5,28.8,M,-33.8,M,,0000*51
",1711675160,999999284
1711657162.2587814,163,1711657162,242059469,,42.337851666666666,-71.08511166666666,0.0,328228.8759311921,4689394.16926436,19,T,3.5,"$GPGGA,201922.000,4220.2711,N,07105.1067,W,1,05,3.5,28.8,M,-33.8,M,,0000*52
",1711675161,999999523
1711657163.2632203,164,1711657163,241964578,,42.337851666666666,-71.08511,0.0,328229.0132366152,4689394.165897498,19,T,3.5,"$GPGGA,201923.000,4220.2711,N,07105.1066,W,1,05,3.5,28.8,M,-33.8,M,,0000*52
",1711675162,999999284
1711657164.2501984,165,1711657164,241807222,,42.33785833333334,-71.08511166666666,0.0,328228.8940836459,4689394.909546789,19,T,3.5,"$GPGGA,201924.000,4220.2715,N,07105.1067,W,1,05,3.5,28.7,M,-33.8,M,,0000*5F
",1711675163,999999761
1711657165.251154,166,1711657165,241361379,,45.671216666666666,-71.08510666666666,0.0,337592.54654954677,5059632.881027569,19,T,4.0,"$GPGGA,201925.000,4220.2730,N,07105.1064,W,1,04,4.0,26.6,M,-33.8,M,,0000*56
",1711675164,999999761
1711657166.2525973,167,1711657166,243350505,,42.33791,-71.08510666666666,0.0,328229.44668113196,4689400.636635058,19,T,3.5,"$GPGGA,201926.000,4220.2746,N,07105.1064,W,1,05,3.5,24.7,M,-33.8,M,,0000*54
",1711675165,999999523
1711657167.268202,168,1711657167,260192155,,42.33793166666667,-71.08510833333334,0.0,328229.3683712892,4689403.045919834,19,T,3.5,"$GPGGA,201927.000,4220.2759,N,07105.1065,W,1,05,3.5,23.0,M,-33.8,M,,0000*5A
",1711675166,999999761
1711657168.25091,169,1711657168,243514060,,42.33794666666667,-72.75178333333334,0.0,685208.0330846542,4689747.1109099,18,T,3.5,"$GPGGA,201928.000,4220.2768,N,07105.1070,W,1,05,3.5,22.4,M,-33.8,M,,0000*56
",1711675168,0
1711657169.250565,170,1711657169,242778539,,42.33795666666666,-71.08512333333333,0.0,328228.2006962431,4689405.8522808235,19,T,3.5,"$GPGGA,201929.000,4220.2774,N,07105.1074,W,1,05,3.5,21.9,M,-33.8,M,,0000*50
",1711675168,999999761
1711657170.2655084,171,1711657170,246349334,,42.33795666666666,-71.08512166666667,0.0,328228.3380014376,4689405.8489139415,19,T,3.5,"$GPGGA,201930.000,4220.2774,N,07105.1073,W,1,05,3.5,21.9,M,-33.8,M,,0000*5F
",1711675169,999999046
1711657171.265503,172,1711657171,247856616,,42.33795666666666,-71.08512166666667,0.0,328228.3380014376,4689405.8489139415,19,T,3.5,"$GPGGA,201931.000,4220.2774,N,07105.1073,W,1,05,3.5,21.9,M,-33.8,M,,0000*5E
",1711675170,999999761
1711657172.2559497,173,1711657172,247780799,,42.33795666666666,-71.08512166666667,0.0,328228.3380014376,4689405.8489139415,19,T,3.5,"$GPGGA,201932.000,4220.2774,N,07105.1073,W,1,05,3.5,21.9,M,-33.8,M,,0000*5D
",1711675171,999999761
1711657173.259983,174,1711657173,243084430,,42.33795666666666,-71.08512166666667,0.0,328228.3380014376,4689405.8489139415,19,T,3.5,"$GPGGA,201933.000,4220.2774,N,07105.1073,W,1,05,3.5,21.9,M,-33.8,M,,0000*5C
",1711675172,999999761
1711657174.264416,175,1711657174,246994733,,42.33795666666666,-71.08512166666667,0.0,328228.3380014376,4689405.8489139415,19,T,3.5,"$GPGGA,201934.000,4220.2774,N,07105.1073,W,1,05,3.5,21.9,M,-33.8,M,,0000*5B
",1711675173,999999761
1711657175.255,176,1711657175,247606515,,42.337968333333336,-71.08512333333333,0.0,328228.2324632811,4689407.1477751,19,T,3.5,"$GPGGA,201935.000,4220.2781,N,07105.1074,W,1,05,3.5,20.6,M,-33.8,M,,0000*59
",1711675174,999999761
1711657176.2612987,177,1711657176,248351812,,42.337985,-71.08513833333333,0.0,328227.04209857265,4689409.028783274,19,T,3.5,"$GPGGA,201936.000,4220.2791,N,07105.1083,W,1,05,3.5,19.7,M,-33.8,M,,0000*58
",1711675175,999999761
1711657177.2543902,178,1711657177,247950315,,112.338,-189.4185,0.0,0.0,0.0,0,,3.5,"$GPGGA,201937.000,4220.2800,N,07105.1100,W,1,05,3.5,18.9,M,-33.8,M,,0000*5B
",1711675176,999999761
1711657178.2546685,179,1711657178,247429847,,42.33801,-71.08521333333333,0.0,328220.9314427534,4689411.95635607,19,T,3.5,"$GPGGA,201938.000,4220.2806,N,07105.1128,W,1,05,3.5,18.4,M,-33.8,M,,0000*55
",1711675178,0
1711657179.250483,180,1711657179,243240594,,42.33802166666667,-71.08527166666667,0.0,328216.1575342809,4689413.369698065,19,T,3.5,"$GPGGA,201939.000,4220.2813,N,07105.1163,W,1,05,3.5,18.1,M,-33.8,M,,0000*5A
",1711675178,999999523
1711657180.2518756,181,1711657180,243424415,,42.33801833333333,-71.08533166666666,0.0,328211.2054750815,4689413.12077506,19,T,3.5,"$GPGGA,201940.000,4220.2811,N,07105.1199,W,1,05,3.5,18.0,M,-33.8,M,,0000*52
",1711675179,999999523
1711657181.254631,182,1711657181,247453689,,42.33801,-71.08539333333333,0.0,328206.10249404766,4689412.320011022,19,T,3.5,"$GPGGA,201941.000,4220.2806,N,07105.1236,W,1,05,3.5,17.9,M,-33.8,M,,0000*55
",1711675180,999999523
1711657182.2607453,183,1711657182,248080968,,42.337995,-71.085455,0.0,328200.98135615926,4689410.778968202,19,T,3.5,"$GPGGA,201942.000,4220.2797,N,07105.1273,W,1,05,3.5,17.8,M,-33.8,M,,0000*51
",1711675181,999999761
1711657183.2670019,184,1711657183,248589992,,42.33797666666667,-71.085515,0.0,328195.98844298447,4689408.864420316,19,T,3.5,"$GPGGA,201943.000,4220.2786,N,07105.1309,W,1,05,3.5,17.7,M,-33.8,M,,0000*53
",1711675182,999999761
1711657184.272103,185,1711657184,248118162,,42.33796,-71.08557333333333,0.0,328191.137371263,4689407.131578914,19,T,3.5,"$GPGGA,201944.000,4220.2776,N,07105.1344,W,1,05,3.5,17.7,M,-33.8,M,,0000*52
",1711675183,999998807
1711657185.2662978,186,1711657185,242996931,,42.337945,-71.08562833333333,0.0,328186.56544669776,4689405.577076013,19,T,3.5,"$GPGGA,201945.000,4220.2767,N,07105.1377,W,1,05,3.5,17.7,M,-33.8,M,,0000*53
",1711675184,999999523
1711657186.2767272,187,1711657186,247565269,,42.33793166666667,-71.08567166666667,0.0,328182.95919611887,4689404.184072199,19,T,3.5,"$GPGGA,201946.000,4220.2759,N,07105.1403,W,1,05,3.5,17.6,M,-33.8,M,,0000*58
",1711675185,999998807
1711657187.27373,188,1711657187,248120307,,42.33792166666667,-71.08570833333333,0.0,328179.9112440051,4689403.147740095,19,T,3.5,"$GPGGA,201947.000,4220.2753,N,07105.1425,W,1,05,3.5,17.6,M,-33.8,M,,0000*57
",1711675186,999999523
1711657188.2719243,189,1711657188,248298168,,42.337925,-71.08574333333334,0.0,328177.0369121884,4689403.588606333,19,T,3.5,"$GPGGA,201948.000,4220.2755,N,07105.1446,W,1,05,3.5,17.8,M,-33.8,M,,0000*55
",1711675187,999999523
1711657189.2549098,190,1711657189,247880458,,42.337936666666664,-71.08577,0.0,328174.8718047577,4689404.937987167,19,T,3.5,"$GPGGA,201949.000,4220.2762,N,07105.1462,W,1,05,3.5,18.1,M,-33.8,M,,0000*50
",1711675188,999999761
1711657190.2708697,191,1711657190,247736692,,42.337938333333334,-71.08578166666666,0.0,328173.9152076279,4689405.146633352,19,T,3.4,"$GPGGA,201950.000,4220.2763,N,07105.1469,W,1,05,3.4,18.2,M,-33.8,M,,0000*50
",1711675189,999999284
1711657191.2586777,192,1711657191,243512153,,42.337945,-71.08579666666667,0.0,328172.69761891424,4689405.917227461,19,T,3.4,"$GPGGA,201951.000,4220.2767,N,07105.1478,W,1,05,3.4,18.5,M,-33.8,M,,0000*52
",1711675190,999999761
1711657192.2553933,193,1711657192,247889757,,45.671283333333335,-71.08580833333333,0.0,337538.08773998194,5059641.711219078,19,T,3.4,"$GPGGA,201952.000,4220.2770,N,07105.1485,W,1,05,3.4,18.9,M,-33.8,M,,0000*59
",1711675191,999999761
1711657193.2569978,194,1711657193,247425317,,45.671283333333335,-71.08581,0.0,337537.95792594843,5059641.714601132,19,T,3.4,"$GPGGA,201953.000,4220.2770,N,07105.1486,W,1,05,3.4,19.2,M,-33.8,M,,0000*51
",1711675192,999999761
1711657194.2563381,195,1711657194,247623682,,42.337945,-71.08580333333333,0.0,328172.1483980104,4689405.930699371,19,T,3.4,"$GPGGA,201954.000,4220.2767,N,07105.1482,W,1,05,3.4,19.5,M,-33.8,M,,0000*53
",1711675193,999999761
1711657195.2730327,196,1711657195,264880418,,42.33794833333334,-71.08579666666667,0.0,328172.706698142,4689406.287368696,19,T,3.4,"$GPGGA,201955.000,4220.2769,N,07105.1478,W,1,05,3.4,20.2,M,-33.8,M,,0000*54
",1711675194,999999761
1711657196.2519858,197,1711657196,243861198,,42.337965,-72.75246666666666,0.0,685151.6835642161,4689747.658415326,18,T,3.4,"$GPGGA,201956.000,4220.2779,N,07105.1480,W,1,05,3.4,21.5,M,-33.8,M,,0000*57
",1711675195,999999761
1711657197.2736714,198,1711657197,249389171,,42.33799166666667,-71.08580333333333,0.0,328172.27550765796,4689411.112676677,19,T,3.4,"$GPGGA,201957.000,4220.2795,N,07105.1482,W,1,05,3.4,22.6,M,-33.8,M,,0000*56
",1711675196,999999284
1711657198.2700608,199,1711657198,259889364,,42.33799666666667,-71.08578,0.0,328174.2113981455,4689411.62073703,19,T,3.4,"$GPGGA,201958.000,4220.2798,N,07105.1468,W,1,05,3.4,23.4,M,-33.8,M,,0000*53
",1711675198,0
1711657199.2509344,200,1711657199,243969202,,42.337995,-71.08575333333333,0.0,328176.4037404381,4689411.381779622,19,T,3.4,"$GPGGA,201959.000,4220.2797,N,07105.1452,W,1,05,3.4,23.4,M,-33.8,M,,0000*54
",1711675198,999999761
1711657200.268333,201,1711657200,243789911,,42.337965,-71.08571,0.0,328179.89196377073,4689407.962943951,19,T,3.4,"$GPGGA,202000.000,4220.2779,N,07105.1426,W,1,05,3.4,23.0,M,-33.8,M,,0000*55
",1711675199,999999046
1711657201.2700796,202,1711657201,243156909,,42.33789,-72.75231666666667,0.0,685164.2613105816,4689739.656813229,18,T,3.4,"$GPGGA,202001.000,4220.2734,N,07105.1390,W,1,05,3.4,23.1,M,-33.8,M,,0000*56
",1711675200,999999284
1711657202.270313,203,1711657202,243953227,,42.337795,-71.08559166666667,0.0,328189.1776371966,4689388.846632095,19,T,3.4,"$GPGGA,202002.000,4220.2677,N,07105.1355,W,1,05,3.4,23.9,M,-33.8,M,,0000*52
",1711675201,999999523
1711657203.2492917,204,1711657203,242025375,,42.337691666666665,-71.085525,0.0,328194.38844098244,4689377.237550945,19,T,3.4,"$GPGGA,202003.000,4220.2615,N,07105.1315,W,1,05,3.4,24.5,M,-33.8,M,,0000*58
",1711675202,999999761
1711657204.2660027,205,1711657204,257764577,,42.33761833333333,-71.08545666666667,0.0,328199.818268494,4689368.9563778285,19,T,3.4,"$GPGGA,202004.000,4220.2571,N,07105.1274,W,1,05,3.4,23.5,M,-33.8,M,,0000*5F
",1711675203,999999523
1711657205.2735116,206,1711657205,245211839,,42.337556666666664,-71.08540666666667,0.0,328203.7695134325,4689362.007744161,19,T,3.4,"$GPGGA,202005.000,4220.2534,N,07105.1244,W,1,05,3.4,22.8,M,-33.8,M,,0000*50
",1711675204,999999284
1711657206.267295,207,1711657206,250330686,,42.33747666666667,-71.08534333333333,0.0,328208.7692918012,4689352.996398467,19,T,3.4,"$GPGGA,202006.000,4220.2486,N,07105.1206,W,1,05,3.4,21.9,M,-33.8,M,,0000*5F
",1711675205,999999761
1711657207.2486167,208,1711657207,241990566,,42.33741,-71.08529833333333,0.0,328212.29502099194,4689345.502660217,19,T,3.4,"$GPGGA,202007.000,4220.2446,N,07105.1179,W,1,05,3.4,20.9,M,-33.8,M,,0000*58
",1711675206,999999761
1711657208.2499046,209,1711657208,241703510,,42.33734166666667,-72.75191666666667,0.0,685198.8247853802,4689679.639167423,18,T,3.4,"$GPGGA,202008.000,4220.2405,N,07105.1150,W,1,05,3.4,20.5,M,-33.8,M,,0000*57
",1711675207,999999523
1711657209.2762644,210,1711657209,250601768,,42.33725666666667,-71.085195,0.0,328220.3904980713,4689328.267406824,19,T,3.4,"$GPGGA,202009.000,4220.2354,N,07105.1117,W,1,05,3.4,19.9,M,-33.8,M,,0000*50
",1711675208,999999284
1711657210.2626436,211,1711657210,240762710,,42.337185,-71.08515333333334,0.0,328223.6280256985,4689320.2251975015,19,T,3.4,"$GPGGA,202010.000,4220.2311,N,07105.1092,W,1,05,3.4,19.3,M,-33.8,M,,0000*5F
",1711675209,999999284
1711657211.2642097,212,1711657211,257225990,,42.33713,-71.08511,0.0,328227.0482488831,4689314.030328998,19,T,3.4,"$GPGGA,202011.000,4220.2278,N,07105.1066,W,1,05,3.4,18.9,M,-33.8,M,,0000*50
",1711675210,999999761
1711657212.2654407,213,1711657212,258347749,,42.33710333333333,-71.08508,0.0,328229.4471671359,4689311.008596698,19,T,3.4,"$GPGGA,202012.000,4220.2262,N,07105.1048,W,1,05,3.4,18.2,M,-33.8,M,,0000*5F
",1711675211,999999761
1711657213.2804537,214,1711657213,258608818,,42.337048333333335,-71.08505333333333,0.0,328231.4943287013,4689304.847398876,19,T,3.4,"$GPGGA,202013.000,4220.2229,N,07105.1032,W,1,05,3.4,17.2,M,-33.8,M,,0000*53
",1711675212,999999284
1711657214.2599523,215,1711657214,252877235,,42.337001666666666,-71.085055,0.0,328231.2299598472,4689299.668789307,19,T,3.4,"$GPGGA,202014.000,4220.2201,N,07105.1033,W,1,05,3.4,16.2,M,-33.8,M,,0000*5E
",1711675213,999999761
1711657215.2529457,216,1711657215,244857549,,42.336958333333335,-71.08507,0.0,328229.8762077696,4689294.887255146,19,T,3.4,"$GPGGA,202015.000,4220.2175,N,07105.1042,W,1,05,3.4,15.2,M,-33.8,M,,0000*5A
",1711675214,999999761
1711657216.2537067,217,1711657216,244669198,,42.336915,-72.75176666666667,0.0,685212.4352275559,4689632.587355713,18,T,3.4,"$GPGGA,202016.000,4220.2149,N,07105.1060,W,1,05,3.4,14.2,M,-33.8,M,,0000*57
",1711675215,999999761
1711657217.2532694,218,1711657217,244764328,,42.336891666666666,-71.08515166666666,0.0,328222.96662186703,4689287.649407664,19,T,3.4,"$GPGGA,202017.000,4220.2135,N,07105.1091,W,1,05,3.4,13.7,M,-33.8,M,,0000*51
",1711675216,999999761
1711657218.2901597,219,1711657218,264883995,,42.33687333333334,-72.75188333333334,0.0,685202.9459375154,4689627.706412645,18,T,3.4,"$GPGGA,202018.000,4220.2124,N,07105.1130,W,1,05,3.4,13.5,M,-33.8,M,,0000*56
",1711675217,999999523
1711657219.2574825,220,1711657219,250300168,,42.33687,-71.085295,0.0,328211.0991758987,4689285.533055006,19,T,3.4,"$GPGGA,202019.000,4220.2122,N,07105.1177,W,1,05,3.4,13.6,M,-33.8,M,,0000*51
",1711675218,999999761
1711657220.2519512,221,1711657220,244878053,,45.6702,-71.08537166666666,0.0,337568.9640344671,5059520.468183243,19,T,3.4,"$GPGGA,202020.000,4220.2120,N,07105.1223,W,1,05,3.4,13.8,M,-33.8,M,,0000*55
",1711675219,999999761
1711657221.2574973,222,1711657221,248742580,,42.33685833333333,-71.08544,0.0,328199.12164657115,4689284.530513116,19,T,3.4,"$GPGGA,202021.000,4220.2115,N,07105.1264,W,1,05,3.4,14.0,M,-33.8,M,,0000*5E
",1711675220,999999761
1711657222.2569785,223,1711657222,249298095,,42.33686,-71.08550333333334,0.0,328193.90849698987,4689284.843546222,19,T,3.4,"$GPGGA,202022.000,4220.2116,N,07105.1302,W,1,05,3.4,14.3,M,-33.8,M,,0000*5C
",1711675221,999999761
1711657223.2568219,224,1711657223,248587846,,42.33687333333334,-71.08556333333334,0.0,328189.00173591304,4689286.445342141,19,T,3.4,"$GPGGA,202023.000,4220.2124,N,07105.1338,W,1,05,3.4,14.8,M,-33.8,M,,0000*5E
",1711675222,999999523
1711657224.2566879,225,1711657224,248548746,,42.336886666666665,-71.08561333333333,0.0,328184.9188221014,4689288.026935529,19,T,3.4,"$GPGGA,202024.000,4220.2132,N,07105.1368,W,1,05,3.4,15.3,M,-33.8,M,,0000*51
",1711675223,999999761
1711657225.2556896,226,1711657225,248674392,,42.336895,-72.75231666666667,0.0,685167.1820126994,4689629.168552493,18,T,3.4,"$GPGGA,202025.000,4220.2137,N,07105.1390,W,1,05,3.4,15.7,M,-33.8,M,,0000*56
",1711675224,999999523
1711657226.2518585,227,1711657226,244409322,,42.33690333333333,-71.085675,0.0,328179.8838360305,4689290.002246811,19,T,3.4,"$GPGGA,202026.000,4220.2142,N,07105.1405,W,1,05,3.4,16.3,M,-33.8,M,,0000*5B
",1711675225,999999761
1711657227.2616441,228,1711657227,245053768,,42.33689666666667,-71.08568666666666,0.0,328178.9045264373,4689289.285538877,19,T,3.4,"$GPGGA,202027.000,4220.2138,N,07105.1412,W,1,05,3.4,16.6,M,-33.8,M,,0000*54
",1711675226,999999761
1711657228.273683,229,1711657228,246582984,,45.67021666666667,-71.08569333333334,0.0,337543.9576792666,5059522.972479994,19,T,3.4,"$GPGGA,202028.000,4220.2130,N,07105.1416,W,1,05,3.4,17.1,M,-33.8,M,,0000*51
",1711675227,999999046
1711657229.2542317,230,1711657229,245321989,,42.33687666666667,-71.08570833333333,0.0,328177.0650568739,4689287.10847324,19,T,3.4,"$GPGGA,202029.000,4220.2126,N,07105.1425,W,1,05,3.4,17.8,M,-33.8,M,,0000*5E
",1711675229,0
1711657230.2600963,231,1711657230,245575666,,42.33688166666666,-71.08574166666666,0.0,328174.3325240119,4689287.731041891,19,T,3.4,"$GPGGA,202030.000,4220.2129,N,07105.1445,W,1,05,3.4,18.2,M,-33.8,M,,0000*5A
",1711675229,999999761
1711657231.2725558,232,1711657231,245540380,,42.336865,-71.08577,0.0,328171.95290117175,4689285.9375902265,19,T,3.4,"$GPGGA,202031.000,4220.2119,N,07105.1462,W,1,05,3.4,18.5,M,-33.8,M,,0000*5A
",1711675230,999999046
1711657232.253067,233,1711657232,245536327,,42.33685666666667,-71.085805,0.0,328169.04674432526,4689285.082964144,19,T,3.4,"$GPGGA,202032.000,4220.2114,N,07105.1483,W,1,05,3.4,18.8,M,-33.8,M,,0000*56
",1711675231,999999761
1711657233.256289,234,1711657233,249291658,,42.336906666666664,-71.08586166666667,0.0,328164.5144758683,4689290.749594448,19,T,3.4,"$GPGGA,202033.000,4220.2144,N,07105.1517,W,1,05,3.4,18.9,M,-33.8,M,,0000*5F
",1711675232,999999761
1711657234.252431,235,1711657234,245213270,,42.33694666666667,-71.08592166666666,0.0,328159.68036138127,4689295.312540723,19,T,3.4,"$GPGGA,202034.000,4220.2168,N,07105.1553,W,1,05,3.4,18.9,M,-33.8,M,,0000*56
",1711675233,999999761
1711657235.2514393,236,1711657235,244551658,,42.33700833333333,-71.08598166666667,0.0,328154.9052723688,4689302.281408254,19,T,3.4,"$GPGGA,202035.000,4220.2205,N,07105.1589,W,1,05,3.4,19.0,M,-33.8,M,,0000*50
",1711675234,999999761
1711657236.254197,237,1711657236,245295286,,42.337093333333335,-72.7527,0.0,685135.0188875415,4689650.357423826,18,T,3.4,"$GPGGA,202036.000,4220.2256,N,07105.1620,W,1,05,3.4,19.8,M,-33.8,M,,0000*5D
",1711675235,999999761
1711657237.2510154,238,1711657237,243637800,,42.33714,-71.086075,0.0,328147.57473667286,4689317.090612164,19,T,3.4,"$GPGGA,202037.000,4220.2284,N,07105.1645,W,1,05,3.4,20.8,M,-33.8,M,,0000*5A
",1711675236,999999761
1711657238.2518387,239,1711657238,244181156,,42.337156666666665,-71.08610333333333,0.0,328145.28592009045,4689318.99858156,19,T,3.4,"$GPGGA,202038.000,4220.2294,N,07105.1662,W,1,05,3.4,21.9,M,-33.8,M,,0000*51
",1711675237,999999761
1711657239.2649305,240,1711657239,244632720,,42.337226666666666,-71.08614833333333,0.0,328141.7693257163,4689326.862496142,19,T,3.4,"$GPGGA,202039.000,4220.2336,N,07105.1689,W,1,05,3.4,22.5,M,-33.8,M,,0000*53
",1711675238,999999284
1711657240.2695782,241,1711657240,244432926,,42.337315,-71.08621166666667,0.0,328136.7923118408,4689336.799244286,19,T,3.4,"$GPGGA,202040.000,4220.2389,N,07105.1727,W,1,05,3.4,24.0,M,-33.8,M,,0000*5F
",1711675239,999999284
1711657241.2501638,242,1711657241,243405103,,42.33745666666667,-71.08629666666667,0.0,328130.17563069955,4689352.702049835,19,T,3.4,"$GPGGA,202041.000,4220.2474,N,07105.1778,W,1,05,3.4,25.2,M,-33.8,M,,0000*52
",1711675240,999999523
1711657242.2521539,243,1711657242,243718624,,42.337625,-71.08639333333333,0.0,328122.67049430695,4689371.589575185,19,T,3.4,"$GPGGA,202042.000,4220.2575,N,07105.1836,W,1,05,3.4,27.4,M,-33.8,M,,0000*50
",1711675241,999999761
1711657243.25106,244,1711657243,243667602,,42.33771333333333,-71.08643666666667,0.0,328119.3412123088,4689381.48591104,19,T,3.4,"$GPGGA,202043.000,4220.2628,N,07105.1862,W,1,05,3.4,28.2,M,-33.8,M,,0000*52
",1711675242,999999761
1711657244.25162,245,1711657244,243468999,,42.337756666666664,-72.75311666666667,0.0,685098.7453309428,4689723.109085018,18,T,3.4,"$GPGGA,202044.000,4220.2654,N,07105.1870,W,1,05,3.4,28.0,M,-33.8,M,,0000*5F
",1711675243,999999761
1711657245.2678685,246,1711657245,243477821,,42.33772666666667,-72.7531,0.0,685100.2064322865,4689719.814064549,18,T,3.4,"$GPGGA,202045.000,4220.2636,N,07105.1860,W,1,05,3.4,26.7,M,-33.8,M,,0000*52
",1711675244,999999284
1711657246.2668226,247,1711657246,260229587,,42.33772666666667,-72.7531,0.0,685100.2064322865,4689719.814064549,18,T,3.4,"$GPGGA,202046.000,4220.2636,N,07105.1860,W,1,05,3.4,26.7,M,-33.8,M,,0000*51
",1711675245,999999761
1711657247.255077,248,1711657247,245526075,,42.33772666666667,-72.7531,0.0,685100.2064322865,4689719.814064549,18,T,3.4,"$GPGGA,202047.000,4220.2636,N,07105.1860,W,1,05,3.4,26.6,M,-33.8,M,,0000*51
",1711675246,999999761
1711657248.282276,249,1711657248,264183044,,42.33772666666667,-72.7531,0.0,685100.2064322865,4689719.814064549,18,T,3.4,"$GPGGA,202048.000,4220.2636,N,07105.1860,W,1,05,3.4,26.6,M,-33.8,M,,0000*5E
",1711675247,999999284
1711657249.2562673,250,1711657249,248564720,,42.33772666666667,-72.7531,0.0,685100.2064322865,4689719.814064549,18,T,3.4,"$GPGGA,202049.000,4220.2636,N,07105.1860,W,1,05,3.4,26.6,M,-33.8,M,,0000*5F
",1711675248,999999761
1711657250.2660964,251,1711657250,249231338,,42.33772666666667,-72.7531,0.0,685100.2064322865,4689719.814064549,18,T,3.4,"$GPGGA,202050.000,4220.2636,N,07105.1860,W,1,05,3.4,26.6,M,-33.8,M,,0000*57
",1711675249,999999761
1711657251.256845,252,1711657251,248632669,,42.33772666666667,-72.7531,0.0,685100.2064322865,4689719.814064549,18,T,3.4,"$GPGGA,202051.000,4220.2636,N,07105.1860,W,1,05,3.4,26.6,M,-33.8,M,,0000*56
",1711675250,999999761
1711657252.2512019,253,1711657252,244184494,,42.337725,-72.7531,0.0,685100.2113229092,4689719.628992086,18,T,3.4,"$GPGGA,202052.000,4220.2635,N,07105.1860,W,1,05,3.4,26.6,M,-33.8,M,,0000*56
",1711675251,999999761
1711657253.255465,254,1711657253,248231649,,42.33770833333333,-71.08641,0.0,328121.52448129986,4689380.876795468,19,T,3.4,"$GPGGA,202053.000,4220.2625,N,07105.1846,W,1,05,3.4,25.5,M,-33.8,M,,0000*52
",1711675252,999999761
1711657254.2739406,255,1711657254,265318632,,42.33770166666667,-71.08639666666667,0.0,328122.6047636749,4689380.109561397,19,T,3.4,"$GPGGA,202054.000,4220.2621,N,07105.1838,W,1,05,3.4,24.8,M,-33.8,M,,0000*54
",1711675253,999999761
1711657255.257788,256,1711657255,249871253,,45.671033333333334,-71.08638833333333,0.0,337492.1886405084,5059615.113636302,19,T,3.4,"$GPGGA,202055.000,4220.2620,N,07105.1833,W,1,05,3.4,24.4,M,-33.8,M,,0000*53
",1711675254,999999761
1711657256.2579975,257,1711657256,249152421,,42.33770166666667,-71.08638833333333,0.0,328123.29129248136,4689380.092716735,19,T,3.4,"$GPGGA,202056.000,4220.2621,N,07105.1833,W,1,05,3.4,24.4,M,-33.8,M,,0000*51
",1711675255,999999761
1711657257.2570882,258,1711657257,248465299,,42.33770166666667,-71.08638833333333,0.0,328123.29129248136,4689380.092716735,19,T,3.4,"$GPGGA,202057.000,4220.2621,N,07105.1833,W,1,05,3.4,24.4,M,-33.8,M,,0000*50
",1711675256,999999761
1711657258.2746966,259,1711657258,248739004,,42.33770166666667,-71.08638833333333,0.0,328123.29129248136,4689380.092716735,19,T,3.4,"$GPGGA,202058.000,4220.2621,N,07105.1833,W,1,05,3.4,24.4,M,-33.8,M,,0000*5F
",1711675257,999999284
1711657259.267667,260,1711657259,248894214,,42.33770166666667,-71.08638833333333,0.0,328123.29129248136,4689380.092716735,19,T,3.4,"$GPGGA,202059.000,4220.2621,N,07105.1833,W,1,05,3.4,24.4,M,-33.8,M,,0000*5E
",1711675258,999999046
1711657260.2563748,261,1711657260,247754335,,42.337705,-71.08638666666667,0.0,328123.4376799976,4689380.459489045,19,T,3.4,"$GPGGA,202100.000,4220.2623,N,07105.1832,W,1,05,3.4,24.2,M,-33.8,M,,0000*56
",1711675259,999999761
1711657261.2558987,262,1711657261,248651266,,42.337705,-71.08638833333333,0.0,328123.30037424446,4689380.462857969,19,T,3.4,"$GPGGA,202101.000,4220.2623,N,07105.1833,W,1,05,3.4,24.0,M,-33.8,M,,0000*54
",1711675261,0
1711657262.2722492,263,1711657262,264207601,,42.337693333333334,-71.08639,0.0,328123.1312822976,4689379.170732577,19,T,3.4,"$GPGGA,202102.000,4220.2616,N,07105.1834,W,1,05,3.4,23.7,M,-33.8,M,,0000*56
",1711675261,999999761
1711657263.2670984,264,1711657263,259799718,,42.337685,-71.08640333333334,0.0,328122.01013149513,4689378.272331005,19,T,3.4,"$GPGGA,202103.000,4220.2611,N,07105.1842,W,1,05,3.4,23.4,M,-33.8,M,,0000*52
",1711675262,999999761
1711657264.273629,265,1711657264,264675617,,42.337675,-71.08642666666667,0.0,328120.06060454715,4689377.209072866,19,T,3.4,"$GPGGA,202104.000,4220.2605,N,07105.1856,W,1,05,3.4,23.2,M,-33.8,M,,0000*53
",1711675263,999999761
1711657265.2658787,266,1711657265,247545957,,42.33766,-71.08645666666666,0.0,328117.5482305479,4689375.604079525,19,T,3.4,"$GPGGA,202105.000,4220.2596,N,07105.1874,W,1,05,3.4,22.9,M,-33.8,M,,0000*51
",1711675264,999999284
1711657266.2651172,267,1711657266,252720594,,42.33764,-71.08649333333334,0.0,328114.4730085174,4689373.4573515635,19,T,3.4,"$GPGGA,202106.000,4220.2584,N,07105.1896,W,1,05,3.4,22.6,M,-33.8,M,,0000*52
",1711675265,999999761
1711657267.2562387,268,1711657267,249052047,,42.337621666666664,-71.08653666666666,0.0,328110.8531020235,4689371.5091721555,19,T,3.4,"$GPGGA,202107.000,4220.2573,N,07105.1922,W,1,05,3.4,22.6,M,-33.8,M,,0000*55
",1711675266,999999523
1711657268.2758975,269,1711657268,265327453,,42.337601666666664,-71.08659,0.0,328106.404816283,4689369.396139404,19,T,3.4,"$GPGGA,202108.000,4220.2561,N,07105.1954,W,1,05,3.4,22.7,M,-33.8,M,,0000*59
",1711675267,999999761
1711657269.2585423,270,1711657269,248049974,,42.33758,-71.08664333333333,0.0,328101.95198633865,4689367.098038785,19,T,3.4,"$GPGGA,202109.000,4220.2548,N,07105.1986,W,1,05,3.4,22.8,M,-33.8,M,,0000*53
",1711675268,999999523
1711657270.256388,271,1711657270,248040914,,42.337558333333334,-72.75336666666666,0.0,685078.7311937211,4689700.5412366185,18,T,3.4,"$GPGGA,202110.000,4220.2535,N,07105.2020,W,1,05,3.4,23.0,M,-33.8,M,,0000*5E
",1711675269,999999761
1711657271.266968,272,1711657271,257087945,,42.33754166666667,-71.08676,0.0,328092.23610570154,4689363.077274754,19,T,3.4,"$GPGGA,202111.000,4220.2525,N,07105.2056,W,1,05,3.4,23.3,M,-33.8,M,,0000*5C
",1711675270,999999761
1711657272.2564192,273,1711657272,249083995,,42.33752833333333,-71.086815,0.0,328087.6686695962,4689361.707905602,19,T,3.4,"$GPGGA,202112.000,4220.2517,N,07105.2089,W,1,05,3.4,23.6,M,-33.8,M,,0000*59
",1711675271,999999761
1711657273.2559192,274,1711657273,248795986,,42.33750333333333,-72.75351666666667,0.0,685066.5348841151,4689694.107339462,18,T,3.4,"$GPGGA,202113.000,4220.2502,N,07105.2110,W,1,05,3.4,23.6,M,-33.8,M,,0000*5D
",1711675272,999999761
1711657274.2832181,275,1711657274,257420539,,42.33747,-71.086865,0.0,328083.39051874366,4689355.331523636,19,T,3.4,"$GPGGA,202114.000,4220.2482,N,07105.2119,W,1,05,3.4,23.2,M,-33.8,M,,0000*5E
",1711675273,999999284
1711657275.2742047,276,1711657275,248842239,,42.337455,-71.086885,0.0,328081.70196602325,4689353.706324612,19,T,3.4,"$GPGGA,202115.000,4220.2473,N,07105.2131,W,1,05,3.4,23.2,M,-33.8,M,,0000*5B
",1711675274,999999284
1711657276.2519982,277,1711657276,244871139,,42.33743166666667,-71.08689833333334,0.0,328080.53992802126,4689351.142293888,19,T,3.4,"$GPGGA,202116.000,4220.2459,N,07105.2139,W,1,05,3.4,23.0,M,-33.8,M,,0000*5A
",1711675275,999999761
1711657277.2561693,278,1711657277,248318433,,42.337406666666666,-71.086905,0.0,328079.92257287167,4689348.379713675,19,T,3.4,"$GPGGA,202117.000,4220.2444,N,07105.2143,W,1,05,3.4,22.9,M,-33.8,M,,0000*52
",1711675276,999999761
1711657278.2587562,279,1711657278,249704599,,42.337385,-72.75356666666667,0.0,685062.7628174771,4689680.858364978,18,T,3.4,"$GPGGA,202118.000,4220.2431,N,07105.2140,W,1,05,3.4,22.8,M,-33.8,M,,0000*5D
",1711675278,0
1711657279.2560124,280,1711657279,248864173,,42.337363333333336,-71.08688166666667,0.0,328081.7267724469,4689343.520701377,19,T,3.4,"$GPGGA,202119.000,4220.2418,N,07105.2129,W,1,05,3.4,22.8,M,-33.8,M,,0000*58
",1711675279,0
1711657280.2607818,281,1711657280,252380609,,42.337365,-71.086865,0.0,328083.1043793607,4689343.67207493,19,T,3.4,"$GPGGA,202120.000,4220.2419,N,07105.2119,W,1,05,3.4,23.4,M,-33.8,M,,0000*5D
",1711675279,999999761
1711657281.2530859,282,1711657281,244819164,,42.33737,-71.08684333333333,0.0,328084.9029893737,4689344.183480994,19,T,3.3,"$GPGGA,202121.000,4220.2422,N,07105.2106,W,1,05,3.3,24.1,M,-33.8,M,,0000*5F
",1711675280,999999761
1711657282.250349,283,1711657282,243284940,,42.33738666666667,-71.086825,0.0,328086.4587787793,4689345.997121052,19,T,3.3,"$GPGGA,202122.000,4220.2432,N,07105.2095,W,1,05,3.3,25.0,M,-33.8,M,,0000*56
",1711675281,999999761
1711657283.2702675,284,1711657283,244198083,,42.337406666666666,-71.08680833333334,0.0,328087.886344526,4689348.184272262,19,T,3.3,"$GPGGA,202123.000,4220.2444,N,07105.2085,W,1,05,3.3,25.7,M,-33.8,M,,0000*50
",1711675282,999999284
1711657284.2676947,285,1711657284,243717908,,42.337421666666664,-71.08678666666667,0.0,328089.7122033369,4689349.806103192,19,T,3.3,"$GPGGA,202124.000,4220.2453,N,07105.2072,W,1,05,3.3,26.4,M,-33.8,M,,0000*59
",1711675283,999999523
1711657285.2516453,286,1711657285,243309259,,42.33739833333333,-71.08674666666667,0.0,328092.9439734119,4689347.1342457915,19,T,3.3,"$GPGGA,202125.000,4220.2439,N,07105.2048,W,1,05,3.3,26.9,M,-33.8,M,,0000*50
",1711675284,999999761
1711657286.2533522,287,1711657286,246331453,,42.33735166666666,-72.75336666666666,0.0,685079.3375557223,4689677.592252477,18,T,3.3,"$GPGGA,202126.000,4220.2411,N,07105.2020,W,1,05,3.3,27.6,M,-33.8,M,,0000*59
",1711675285,999999761
1711657287.2545497,288,1711657287,246350765,,42.33727666666667,-71.08664,0.0,328101.4000625516,4689333.408448701,19,T,3.3,"$GPGGA,202127.000,4220.2366,N,07105.1984,W,1,05,3.3,28.0,M,-33.8,M,,0000*52
",1711675286,999999761
1711657288.2533212,289,1711657288,245670080,,42.33719833333333,-71.08658166666666,0.0,328105.99235735915,4689324.592205385,19,T,3.3,"$GPGGA,202128.000,4220.2319,N,07105.1949,W,1,05,3.3,28.3,M,-33.8,M,,0000*57
",1711675287,999999761
1711657289.2532206,290,1711657289,245981931,,42.33712166666667,-71.08652666666667,0.0,328110.31459148903,4689315.967774415,19,T,3.3,"$GPGGA,202129.000,4220.2273,N,07105.1916,W,1,05,3.3,28.5,M,-33.8,M,,0000*57
",1711675288,999999761
1711657290.254064,291,1711657290,244880676,,42.337048333333335,-71.08647333333333,0.0,328114.5086117656,4689307.716856789,19,T,3.3,"$GPGGA,202130.000,4220.2229,N,07105.1884,W,1,05,3.3,28.8,M,-33.8,M,,0000*57
",1711675289,999999761
1711657291.2730632,292,1711657291,250155687,,42.33697333333333,-71.08642,0.0,328118.6981016452,4689299.280871469,19,T,3.3,"$GPGGA,202131.000,4220.2184,N,07105.1852,W,1,05,3.3,29.1,M,-33.8,M,,0000*51
",1711675290,999999523
1711657292.2552009,293,1711657292,246731758,,42.33692,-71.08637833333333,0.0,328121.98547996057,4689293.274389023,19,T,3.3,"$GPGGA,202132.000,4220.2152,N,07105.1827,W,1,05,3.3,29.4,M,-33.8,M,,0000*5E
",1711675291,999999523
1711657293.2627945,294,1711657293,245937824,,42.336868333333335,-71.08634166666667,0.0,328124.86548218946,4689287.463085444,19,T,3.3,"$GPGGA,202133.000,4220.2121,N,07105.1805,W,1,05,3.3,30.0,M,-33.8,M,,0000*57
",1711675293,0
1711657294.2549436,295,1711657294,247605800,,45.67015,-71.08631,0.0,337495.73256609973,5059516.817370745,19,T,3.3,"$GPGGA,202134.000,4220.2090,N,07105.1786,W,1,05,3.3,30.6,M,-33.8,M,,0000*59
",1711675293,999999523
1711657295.2686164,296,1711657295,245649099,,42.33676333333333,-72.75295,0.0,685115.3910118763,4689613.168754335,18,T,3.3,"$GPGGA,202135.000,4220.2058,N,07105.1770,W,1,05,3.3,31.1,M,-33.8,M,,0000*53
",1711675294,999999046
1711657296.2707074,297,1711657296,262700557,,42.336713333333336,-71.08625666666667,0.0,328131.445900702,4689270.079713177,19,T,3.3,"$GPGGA,202136.000,4220.2028,N,07105.1754,W,1,05,3.3,30.9,M,-33.8,M,,0000*58
",1711675295,999999761
1711657297.2585871,298,1711657297,249872207,,42.336686666666665,-71.08624166666667,0.0,328132.6090243377,4689267.088265571,19,T,3.3,"$GPGGA,202137.000,4220.2012,N,07105.1745,W,1,05,3.3,31.1,M,-33.8,M,,0000*59
",1711675296,999999761
1711657298.255434,299,1711657298,248001098,,42.336668333333336,-71.08623166666666,0.0,328133.3829272136,4689265.032277103,19,T,3.3,"$GPGGA,202138.000,4220.2001,N,07105.1739,W,1,05,3.3,31.2,M,-33.8,M,,0000*5C
",1711675297,999999761
1711657299.2727175,300,1711657299,264245986,,42.336645,-72.75288333333333,0.0,685121.2306398477,4689600.173758683,18,T,3.3,"$GPGGA,202139.000,4220.1987,N,07105.1730,W,1,05,3.3,31.0,M,-33.8,M,,0000*52
",1711675299,0
1711657300.271309,301,1711657300,246929168,,42.336625,-71.08620666666667,0.0,328135.3244971568,4689260.1699122675,19,T,3.3,"$GPGGA,202140.000,4220.1975,N,07105.1724,W,1,05,3.3,31.0,M,-33.8,M,,0000*54
",1711675299,999999284
1711657301.2567763,302,1711657301,249158859,,42.33660666666667,-72.75286666666666,0.0,685122.7162278302,4689595.953380177,18,T,3.3,"$GPGGA,202141.000,4220.1964,N,07105.1720,W,1,05,3.3,30.0,M,-33.8,M,,0000*50
",1711675301,0
1711657302.258954,303,1711657302,251282691,,42.33658833333333,-71.08620833333333,0.0,328135.0873004006,4689256.101728034,19,T,3.3,"$GPGGA,202142.000,4220.1953,N,07105.1725,W,1,05,3.3,29.4,M,-33.8,M,,0000*5E
",1711675301,999999761
1711657303.2641788,304,1711657303,256033182,,45.6699,-71.086225,0.0,337501.6294707033,5059488.8701518485,19,T,3.3,"$GPGGA,202143.000,4220.1940,N,07105.1735,W,1,05,3.3,28.3,M,-33.8,M,,0000*5A
",1711675302,999999523
1711657304.2751217,305,1711657304,267216205,,42.33654166666667,-71.086255,0.0,328131.1155374517,4689251.014074179,19,T,3.3,"$GPGGA,202144.000,4220.1925,N,07105.1753,W,1,05,3.3,27.7,M,-33.8,M,,0000*55
",1711675304,0
1711657305.2583346,306,1711657305,250218868,,42.336508333333335,-71.08628833333333,0.0,328128.2785604942,4689247.380037009,19,T,3.3,"$GPGGA,202145.000,4220.1905,N,07105.1773,W,1,05,3.3,27.0,M,-33.8,M,,0000*53
",1711675304,999999761
1711657306.2588284,307,1711657306,249990940,,42.33647,-71.08632333333334,0.0,328125.2906503544,4689243.194157981,19,T,3.3,"$GPGGA,202146.000,4220.1882,N,07105.1794,W,1,05,3.3,26.3,M,-33.8,M,,0000*55
",1711675305,999999761
1711657307.2591295,308,1711657307,251994848,,42.336425,-71.08635166666667,0.0,328122.83380813093,4689238.254522392,19,T,3.3,"$GPGGA,202147.000,4220.1855,N,07105.1811,W,1,05,3.3,25.4,M,-33.8,M,,0000*58
",1711675306,999999761
1711657308.2581758,309,1711657308,250740766,,42.33638666666667,-71.08637666666667,0.0,328120.66974291997,4689234.0484321285,19,T,3.3,"$GPGGA,202148.000,4220.1832,N,07105.1826,W,1,05,3.3,24.5,M,-33.8,M,,0000*52
",1711675307,999999761
1711657309.256267,310,1711657309,248346805,,45.66968333333333,-72.75306666666667,0.0,675016.6583393044,5059803.553730258,18,T,3.3,"$GPGGA,202149.000,4220.1810,N,07105.1840,W,1,05,3.3,23.6,M,-33.8,M,,0000*57
",1711675308,999999761
1711657310.260667,311,1711657310,242842435,,42.336326666666665,-71.08642833333333,0.0,328116.2497048846,4689227.490328218,19,T,3.3,"$GPGGA,202150.000,4220.1796,N,07105.1857,W,1,05,3.3,23.0,M,-33.8,M,,0000*5E
",1711675309,999999523
1711657311.2734082,312,1711657311,249460697,,42.336295,-71.086445,0.0,328114.79034053674,4689224.007677111,19,T,3.3,"$GPGGA,202151.000,4220.1777,N,07105.1867,W,1,05,3.3,22.1,M,-33.8,M,,0000*53
",1711675310,999999284
1711657312.2768834,313,1711657312,270087957,,42.33627166666667,-71.08645166666666,0.0,328114.1775327002,4689221.430165049,19,T,3.3,"$GPGGA,202152.000,4220.1763,N,07105.1871,W,1,05,3.3,21.2,M,-33.8,M,,0000*52
",1711675312,0
1711657313.26231,314,1711657313,248884201,,42.33625333333333,-71.08644833333334,0.0,328114.40220070747,4689219.387650679,19,T,3.3,"$GPGGA,202153.000,4220.1752,N,07105.1869,W,1,05,3.3,20.2,M,-33.8,M,,0000*59
",1711675312,999999523
1711657314.291703,315,1711657314,270728349,,42.33625333333333,-71.08644833333334,0.0,328114.40220070747,4689219.387650679,19,T,3.3,"$GPGGA,202154.000,4220.1752,N,07105.1869,W,1,05,3.3,20.3,M,-33.8,M,,0000*5F
",1711675313,999998807
1711657315.2954812,316,1711657315,269740104,,42.336243333333336,-71.086445,0.0,328114.6495732796,4689218.270489211,19,T,3.3,"$GPGGA,202155.000,4220.1746,N,07105.1867,W,1,05,3.3,19.6,M,-33.8,M,,0000*5A
",1711675314,999999284
1711657316.2726455,317,1711657316,248531818,,42.33622666666667,-71.086445,0.0,328114.6041645169,4689216.419783446,19,T,3.3,"$GPGGA,202156.000,4220.1736,N,07105.1867,W,1,05,3.3,18.9,M,-33.8,M,,0000*50
",1711675315,999999284
1711657317.2577116,318,1711657317,251024246,,42.33620833333333,-71.08645166666666,0.0,328114.0049788335,4689214.397483133,19,T,3.3,"$GPGGA,202157.000,4220.1725,N,07105.1871,W,1,05,3.3,18.1,M,-33.8,M,,0000*5C
",1711675316,999999761
1711657318.2595549,319,1711657318,250623703,,42.33619,-71.08645666666666,0.0,328113.54310190433,4689212.371813851,19,T,3.3,"$GPGGA,202158.000,4220.1714,N,07105.1874,W,1,05,3.3,17.3,M,-33.8,M,,0000*59
",1711675317,999999761
1711657319.2891865,320,1711657319,267731189,,42.336175,-71.08645666666666,0.0,328113.50223383063,4689210.706178674,19,T,3.3,"$GPGGA,202159.000,4220.1705,N,07105.1874,W,1,05,3.3,16.5,M,-33.8,M,,0000*5F
",1711675318,999999761
1711657320.2693832,321,1711657320,249972105,,42.336173333333335,-71.086455,0.0,328113.6350020227,4689210.517739082,19,T,3.3,"$GPGGA,202200.000,4220.1704,N,07105.1873,W,1,05,3.3,16.6,M,-33.8,M,,0000*55
",1711675319,999998807
1711657321.26612,322,1711657321,250129699,,42.33616166666667,-72.75311666666667,0.0,685103.4255529543,4689545.994757907,18,T,3.3,"$GPGGA,202201.000,4220.1697,N,07105.1870,W,1,05,3.3,15.9,M,-33.8,M,,0000*50
",1711675320,999999523
1711657322.2563355,323,1711657322,249238014,,45.66948333333333,-71.08644833333334,0.0,337483.02759733517,5059443.032304647,19,T,3.3,"$GPGGA,202202.000,4220.1690,N,07105.1869,W,1,05,3.3,15.2,M,-33.8,M,,0000*57
",1711675321,999999761
1711657323.252669,324,1711657323,244196653,,42.33613666666667,-71.08645166666666,0.0,328113.80972076504,4689206.439448418,19,T,3.3,"$GPGGA,202203.000,4220.1682,N,07105.1871,W,1,05,3.3,14.6,M,-33.8,M,,0000*59
",1711675322,999999761
1711657324.253657,325,1711657324,244960069,,42.336125,-71.08646,0.0,328113.09138860763,4689205.16079949,19,T,3.3,"$GPGGA,202204.000,4220.1675,N,07105.1876,W,1,05,3.3,14.0,M,-33.8,M,,0000*57
",1711675323,999999761
1711657325.2576795,326,1711657325,249712228,,45.66945,-71.08646833333333,0.0,337481.37326928286,5059439.369609511,19,T,3.3,"$GPGGA,202205.000,4220.1670,N,07105.1881,W,1,05,3.3,13.4,M,-33.8,M,,0000*58
",1711675324,999999761
1711657326.258128,327,1711657326,250056028,,42.33611166666667,-71.08647833333333,0.0,328111.5446599337,4689203.71729433,19,T,3.3,"$GPGGA,202206.000,4220.1667,N,07105.1887,W,1,05,3.3,12.9,M,-33.8,M,,0000*57
",1711675325,999999761
1711657327.2590034,328,1711657327,250015258,,42.336115,-71.08649,0.0,328110.5925772805,4689204.111018918,19,T,3.3,"$GPGGA,202207.000,4220.1669,N,07105.1894,W,1,05,3.3,12.8,M,-33.8,M,,0000*5B
",1711675326,999999761
1711657328.2558548,329,1711657328,249484062,,42.33611833333333,-189.41983333333332,0.0,0.0,0.0,0,,3.3,"$GPGGA,202208.000,4220.1671,N,07105.1900,W,1,05,3.3,12.8,M,-33.8,M,,0000*51
",1711675327,999999761
1711657329.2749846,330,1711657329,249210834,,42.33612166666666,-71.08651333333333,0.0,328108.68841227447,4689204.898468495,19,T,3.3,"$GPGGA,202209.000,4220.1673,N,07105.1908,W,1,05,3.3,13.1,M,-33.8,M,,0000*52
",1711675328,999999284
1711657330.2511392,331,1711657330,244099378,,42.336125,-71.086525,0.0,328107.73632992385,4689205.292193482,19,T,3.3,"$GPGGA,202210.000,4220.1675,N,07105.1915,W,1,05,3.3,13.4,M,-33.8,M,,0000*55
",1711675329,999999761
1711657331.258683,332,1711657331,249790430,,42.336126666666665,-71.08653666666666,0.0,328106.7797066083,4689205.500848026,19,T,3.3,"$GPGGA,202211.000,4220.1676,N,07105.1922,W,1,05,3.3,13.7,M,-33.8,M,,0000*50
",1711675330,999999761
1711657332.2568276,333,1711657332,249509811,,45.669466666666665,-71.086545,0.0,337475.4498851454,5059441.376882516,19,T,3.3,"$GPGGA,202212.000,4220.1680,N,07105.1927,W,1,05,3.3,13.9,M,-33.8,M,,0000*51
",1711675331,999999761
1711657333.261958,334,1711657333,246617555,,42.33613666666667,-71.08655166666667,0.0,328105.5711704604,4689206.641593916,19,T,3.6,"$GPGGA,202213.000,4220.1682,N,07105.1931,W,1,04,3.6,14.2,M,-33.8,M,,0000*5D
",1711675332,999999761
1711657334.2771895,335,1711657334,251648426,,42.33613666666667,-71.08655166666667,0.0,328105.5711704604,4689206.641593916,19,T,3.6,"$GPGGA,202214.000,4220.1682,N,07105.1931,W,1,04,3.6,14.1,M,-33.8,M,,0000*59
",1711675333,999999284
1711657335.2650394,336,1711657335,241353511,,42.33614,-71.086555,0.0,328105.3056343306,4689207.018473417,19,T,3.6,"$GPGGA,202215.000,4220.1684,N,07105.1933,W,1,04,3.6,14.2,M,-33.8,M,,0000*5F
",1711675334,999999284
1711657336.2696667,337,1711657336,242745876,,42.33614,-71.086555,0.0,328105.3056343306,4689207.018473417,19,T,3.6,"$GPGGA,202216.000,4220.1684,N,07105.1933,W,1,04,3.6,14.3,M,-33.8,M,,0000*5D
",1711675335,999999284
1711657337.2676377,338,1711657337,247911214,,42.33614333333333,-71.08655833333333,0.0,328105.0400982324,4689207.395352929,19,T,3.3,"$GPGGA,202217.000,4220.1686,N,07105.1935,W,1,05,3.3,14.4,M,-33.8,M,,0000*5B
",1711675336,999999761
1711657338.2511523,339,1711657338,243323087,,42.336145,-71.08656166666667,0.0,328104.770021037,4689207.587161877,19,T,3.3,"$GPGGA,202218.000,4220.1687,N,07105.1937,W,1,05,3.3,14.6,M,-33.8,M,,0000*55
",1711675337,999999761
1711657339.2513964,340,1711657339,243876934,,42.336151666666666,-71.08656833333333,0.0,328104.23894897144,4689208.340920955,19,T,3.3,"$GPGGA,202219.000,4220.1691,N,07105.1941,W,1,05,3.3,15.0,M,-33.8,M,,0000*55
",1711675338,999999761
1711657340.2512083,341,1711657340,243442058,,42.33615833333333,-71.08657166666667,0.0,328103.98249527265,4689209.087941661,19,T,3.3,"$GPGGA,202220.000,4220.1695,N,07105.1943,W,1,05,3.3,15.1,M,-33.8,M,,0000*58
",1711675339,999999761
1711657341.2502825,342,1711657341,242782115,,42.33616333333333,-71.08657666666667,0.0,328103.5841913676,4689209.653261016,19,T,3.3,"$GPGGA,202221.000,4220.1698,N,07105.1946,W,1,05,3.3,15.3,M,-33.8,M,,0000*53
",1711675340,999999761
1711657342.2506735,343,1711657342,243370532,,42.33616333333333,-71.08657666666667,0.0,328103.5841913676,4689209.653261016,19,T,3.3,"$GPGGA,202222.000,4220.1698,N,07105.1946,W,1,05,3.3,15.3,M,-33.8,M,,0000*50
",1711675341,999999761
1711657343.2664094,344,1711657343,243654251,,42.336165,-71.08657833333334,0.0,328103.45142341265,4689209.841700805,19,T,3.3,"$GPGGA,202223.000,4220.1699,N,07105.1947,W,1,05,3.3,15.5,M,-33.8,M,,0000*57
",1711675342,999999284
1711657344.2511692,345,1711657344,243484020,,42.336165,-71.08658166666666,0.0,328103.17680519307,4689209.848439244,19,T,3.3,"$GPGGA,202224.000,4220.1699,N,07105.1949,W,1,05,3.3,15.7,M,-33.8,M,,0000*5C
",1711675343,999999761
1711657345.269322,346,1711657345,248475790,,42.336165,-71.08658166666666,0.0,328103.17680519307,4689209.848439244,19,T,3.3,"$GPGGA,202225.000,4220.1699,N,07105.1949,W,1,05,3.3,15.7,M,-33.8,M,,0000*5D
",1711675344,999999284
1711657346.2765324,347,1711657346,252802133,,42.336165,-71.08658166666666,0.0,328103.17680519307,4689209.848439244,19,T,3.3,"$GPGGA,202226.000,4220.1699,N,07105.1949,W,1,05,3.3,15.7,M,-33.8,M,,0000*5E
",1711675345,999999284
1711657347.2732174,348,1711657347,265144348,,42.336165,-71.08658166666666,0.0,328103.17680519307,4689209.848439244,19,T,3.3,"$GPGGA,202227.000,4220.1699,N,07105.1949,W,1,05,3.3,15.7,M,-33.8,M,,0000*5F
",1711675346,999999761
1711657348.2549186,349,1711657348,248161792,,42.336165,-71.08658166666666,0.0,328103.17680519307,4689209.848439244,19,T,3.3,"$GPGGA,202228.000,4220.1699,N,07105.1949,W,1,05,3.3,15.7,M,-33.8,M,,0000*50
",1711675347,999999761
1711657349.261953,350,1711657349,243266344,,42.336165,-71.08658166666666,0.0,328103.17680519307,4689209.848439244,19,T,3.3,"$GPGGA,202229.000,4220.1699,N,07105.1949,W,1,05,3.3,15.7,M,-33.8,M,,0000*51
",1711675348,999999761
1711657350.2740183,351,1711657350,266237974,,42.336165,-71.08658166666666,0.0,328103.17680519307,4689209.848439244,19,T,3.3,"$GPGGA,202230.000,4220.1699,N,07105.1949,W,1,05,3.3,15.7,M,-33.8,M,,0000*59
",1711675349,999999761
1711657351.256678,352,1711657351,249488115,,42.336165,-71.08658166666666,0.0,328103.17680519307,4689209.848439244,19,T,3.6,"$GPGGA,202231.000,4220.1699,N,07105.1949,W,1,04,3.6,15.7,M,-33.8,M,,0000*5C
",1711675351,0
1711657352.2671604,353,1711657352,257690191,,42.336165,-71.08658166666666,0.0,328103.17680519307,4689209.848439244,19,T,3.6,"$GPGGA,202232.000,4220.1699,N,07105.1949,W,1,04,3.6,15.7,M,-33.8,M,,0000*5F
",1711675351,999999761
1711657353.267689,354,1711657353,260574102,,112.33616666666667,-72.75325,0.0,0.0,0.0,0,,3.3,"$GPGGA,202233.000,4220.1700,N,07105.1950,W,1,05,3.3,15.8,M,-33.8,M,,0000*5C
",1711675352,999999761
1711657354.2724297,355,1711657354,246536970,,42.33616833333333,-71.08658666666666,0.0,328102.7739602193,4689210.2286880715,19,T,3.3,"$GPGGA,202234.000,4220.1701,N,07105.1952,W,1,05,3.3,15.9,M,-33.8,M,,0000*59
",1711675353,999998807
1711657355.2892156,356,1711657355,262325763,,42.33616833333333,-71.08659,0.0,328102.4993420099,4689210.235426535,19,T,3.3,"$GPGGA,202235.000,4220.1701,N,07105.1954,W,1,05,3.3,16.0,M,-33.8,M,,0000*54
",1711675354,999999523
1711657356.2524135,357,1711657356,245294094,,42.33617,-71.08659333333334,0.0,328102.22926499834,4689210.4272355875,19,T,3.3,"$GPGGA,202236.000,4220.1702,N,07105.1956,W,1,05,3.3,16.1,M,-33.8,M,,0000*57
",1711675355,999999761
1711657357.2611897,358,1711657357,252054214,,42.336173333333335,-71.08659833333333,0.0,328101.8264201087,4689210.807484473,19,T,3.3,"$GPGGA,202237.000,4220.1704,N,07105.1959,W,1,05,3.3,16.1,M,-33.8,M,,0000*5F
",1711675356,999999523
1711657358.2526891,359,1711657358,245303392,,42.33617666666667,-71.086605,0.0,328101.2862661764,4689211.191102641,19,T,3.3,"$GPGGA,202238.000,4220.1706,N,07105.1963,W,1,05,3.3,16.3,M,-33.8,M,,0000*59
",1711675357,999999761
1711657359.2677953,360,1711657359,254969835,,45.66951666666667,-71.08661166666667,0.0,337470.40193012584,5059447.06715352,19,T,3.3,"$GPGGA,202239.000,4220.1710,N,07105.1967,W,1,05,3.3,16.4,M,-33.8,M,,0000*5C
",1711675358,999999523
1711657360.2758896,361,1711657360,255715847,,42.33619,-71.08661833333333,0.0,328100.22412348795,4689212.698621416,19,T,3.3,"$GPGGA,202240.000,4220.1714,N,07105.1971,W,1,05,3.3,16.5,M,-33.8,M,,0000*50
",1711675359,999999284
1711657361.2794461,362,1711657361,254900693,,42.336196666666666,-71.08662666666666,0.0,328099.55574327894,4689213.455750162,19,T,3.3,"$GPGGA,202241.000,4220.1718,N,07105.1976,W,1,05,3.3,16.6,M,-33.8,M,,0000*59
",1711675360,999999284
1711657362.2604098,363,1711657362,242885351,,42.336198333333336,-72.7533,0.0,685088.2138186492,4689549.667248313,18,T,3.3,"$GPGGA,202242.000,4220.1719,N,07105.1980,W,1,05,3.3,16.8,M,-33.8,M,,0000*5C
",1711675361,999999284
1711657363.2719939,364,1711657363,260615110,,42.33620166666667,-71.08664,0.0,328098.4708948344,4689214.037916337,19,T,3.3,"$GPGGA,202243.000,4220.1721,N,07105.1984,W,1,05,3.3,17.1,M,-33.8,M,,0000*5A
",1711675362,999999761
1711657364.250965,365,1711657364,243516683,,42.33620666666667,-71.08664666666667,0.0,328097.93528264936,4689214.606605356,19,T,3.3,"$GPGGA,202244.000,4220.1724,N,07105.1988,W,1,05,3.3,17.3,M,-33.8,M,,0000*56
",1711675363,999999761
1711657365.2755444,366,1711657365,267630338,,42.33620833333333,-71.08665333333333,0.0,328097.39058789663,4689214.805153261,19,T,3.3,"$GPGGA,202245.000,4220.1725,N,07105.1992,W,1,05,3.3,17.6,M,-33.8,M,,0000*58
",1711675364,999999761
1711657366.2514431,367,1711657366,243999481,,42.33621,-71.08665666666667,0.0,328097.12051119556,4689214.99696252,19,T,3.3,"$GPGGA,202246.000,4220.1726,N,07105.1994,W,1,05,3.3,17.7,M,-33.8,M,,0000*5F
",1711675365,999999761
1711657367.2678144,368,1711657367,260423898,,42.336211666666664,-71.08665833333333,0.0,328096.98774352204,4689215.185402443,19,T,3.3,"$GPGGA,202247.000,4220.1727,N,07105.1995,W,1,05,3.3,17.9,M,-33.8,M,,0000*50
",1711675366,999999761
1711657368.2636669,369,1711657368,244468212,,45.66955,-71.08666333333333,0.0,337466.4740871343,5059450.8753315145,19,T,3.3,"$GPGGA,202248.000,4220.1730,N,07105.1998,W,1,05,3.3,18.1,M,-33.8,M,,0000*53
",1711675367,999999523
1711657369.264621,370,1711657369,244563817,,42.336223333333336,-71.08667,0.0,328096.0583700106,4689216.504481978,19,T,3.3,"$GPGGA,202249.000,4220.1734,N,07105.2002,W,1,05,3.3,18.3,M,-33.8,M,,0000*5D
",1711675368,999999284
1711657370.2671628,371,1711657370,260371685,,42.33623166666667,-71.08667833333334,0.0,328095.39453200664,4689217.446681731,19,T,3.3,"$GPGGA,202250.000,4220.1739,N,07105.2007,W,1,05,3.3,18.5,M,-33.8,M,,0000*5B
",1711675369,999999761
1711657371.2519774,372,1711657371,244272232,,42.336241666666666,-71.08668666666667,0.0,328094.7352355928,4689218.57395213,19,T,3.3,"$GPGGA,202251.000,4220.1745,N,07105.2012,W,1,05,3.3,18.6,M,-33.8,M,,0000*56
",1711675370,999999761
1711657372.2517788,373,1711657372,244440555,,45.669583333333335,-71.086695,0.0,337464.10406459647,5059454.642909973,19,T,3.3,"$GPGGA,202252.000,4220.1750,N,07105.2017,W,1,05,3.3,18.8,M,-33.8,M,,0000*5A
",1711675371,999999761
1711657373.2522323,374,1711657373,245046377,,42.33625833333333,-71.08670333333333,0.0,328093.4075605512,4689220.45835198,19,T,3.3,"$GPGGA,202253.000,4220.1755,N,07105.2022,W,1,05,3.3,18.9,M,-33.8,M,,0000*59
",1711675372,999999761
1711657374.2655518,375,1711657374,240142583,,42.33626833333334,-71.08671166666667,0.0,328092.74826476775,4689221.585622592,19,T,4.0,"$GPGGA,202254.000,4220.1761,N,07105.2027,W,1,04,4.0,18.9,M,-33.8,M,,0000*59
",1711675373,999999523
1711657375.2629013,376,1711657375,244532108,,42.33627833333333,-71.08671833333334,0.0,328092.22627807106,4689222.709523827,19,T,4.0,"$GPGGA,202255.000,4220.1767,N,07105.2031,W,1,04,4.0,18.9,M,-33.8,M,,0000*59
",1711675374,999999761
1711657376.263814,377,1711657376,243712425,,42.336286666666666,-71.086725,0.0,328091.6997500629,4689223.648354525,19,T,4.0,"$GPGGA,202256.000,4220.1772,N,07105.2035,W,1,04,4.0,18.9,M,-33.8,M,,0000*5A
",1711675375,999999284
1711657377.252356,378,1711657377,244341611,,42.33629333333333,-71.08673,0.0,328091.30598953087,4689224.398745225,19,T,4.0,"$GPGGA,202257.000,4220.1776,N,07105.2038,W,1,04,4.0,18.9,M,-33.8,M,,0000*52
",1711675376,999999761
1711657378.252836,379,1711657378,245356798,,42.33629833333333,-71.086735,0.0,328090.90768757457,4689224.964065369,19,T,4.0,"$GPGGA,202258.000,4220.1779,N,07105.2041,W,1,04,4.0,19.0,M,-33.8,M,,0000*54
",1711675377,999999761
1711657379.2525785,380,1711657379,245054721,,42.336305,-71.08674,0.0,328090.5139272098,4689225.7144561205,19,T,4.0,"$GPGGA,202259.000,4220.1783,N,07105.2044,W,1,04,4.0,19.0,M,-33.8,M,,0000*55
",1711675378,999999761
1711657380.249862,381,1711657380,242336273,,42.33631333333334,-71.08674833333333,0.0,328089.850090893,4689226.656656457,19,T,4.0,"$GPGGA,202300.000,4220.1788,N,07105.2049,W,1,04,4.0,19.0,M,-33.8,M,,0000*5E
",1711675380,0
1711657381.2724764,382,1711657381,250591039,,42.33632333333333,-71.08675833333334,0.0,328089.05348755553,4689227.787296953,19,T,4.0,"$GPGGA,202301.000,4220.1794,N,07105.2055,W,1,04,4.0,19.0,M,-33.8,M,,0000*5F
",1711675380,999999046
1711657382.2618296,383,1711657382,241507291,,42.33633666666667,-71.08677,0.0,328088.12865892577,4689229.29144824,19,T,4.0,"$GPGGA,202302.000,4220.1802,N,07105.2062,W,1,04,4.0,19.0,M,-33.8,M,,0000*58
",1711675381,999999523
1711657383.2495582,384,1711657383,242313623,,42.33634833333333,-71.08678166666667,0.0,328087.1992890938,4689230.610529083,19,T,4.0,"$GPGGA,202303.000,4220.1809,N,07105.2069,W,1,04,4.0,19.0,M,-33.8,M,,0000*59
",1711675382,999999761
1711657384.250163,385,1711657384,241896629,,42.336371666666665,-72.75346666666667,0.0,685073.9742507193,4689568.551987455,18,T,4.0,"$GPGGA,202304.000,4220.1823,N,07105.2080,W,1,04,4.0,19.0,M,-33.8,M,,0000*51
",1711675383,999999523
1711657385.247609,386,1711657385,239986419,,45.669716666666666,-71.08681333333334,0.0,337455.27309262624,5059469.696315262,19,T,4.0,"$GPGGA,202305.000,4220.1830,N,07105.2088,W,1,04,4.0,19.0,M,-33.8,M,,0000*5A
",1711675385,0
1711657386.251071,387,1711657386,243899583,,42.336395,-71.08682666666667,0.0,328083.6191219934,4689235.88348419,19,T,4.0,"$GPGGA,202306.000,4220.1837,N,07105.2096,W,1,04,4.0,19.0,M,-33.8,M,,0000*51
",1711675385,999999761
1711657387.2705545,388,1711657387,247550487,,42.33640833333333,-71.08684,0.0,328082.55698711216,4689237.391005918,19,T,4.0,"$GPGGA,202307.000,4220.1845,N,07105.2104,W,1,04,4.0,19.0,M,-33.8,M,,0000*5F
",1711675386,999999523
1711657388.2701735,389,1711657388,244961023,,42.336423333333336,-71.08685333333334,0.0,328081.4993944842,4689239.083598413,19,T,4.0,"$GPGGA,202308.000,4220.1854,N,07105.2112,W,1,04,4.0,19.0,M,-33.8,M,,0000*57
",1711675387,999999523
1711657389.2506049,390,1711657389,241423130,,42.33643166666667,-71.086865,0.0,328080.5609436737,4689240.032539053,19,T,4.0,"$GPGGA,202309.000,4220.1859,N,07105.2119,W,1,04,4.0,19.0,M,-33.8,M,,0000*50
",1711675388,999999761
1711657390.2542765,391,1711657390,245133638,,42.336441666666666,-71.08687833333333,0.0,328079.4897264477,4689241.169920118,19,T,3.2,"$GPGGA,202310.000,4220.1865,N,07105.2127,W,1,05,3.2,19.3,M,-33.8,M,,0000*5D
",1711675390,0
1711657391.2522137,392,1711657391,243722915,,42.33645166666667,-71.08689333333334,0.0,328078.28120108054,4689242.310671087,19,T,3.2,"$GPGGA,202311.000,4220.1871,N,07105.2136,W,1,05,3.2,19.5,M,-33.8,M,,0000*5F
",1711675390,999999761
1711657392.2570882,393,1711657392,249742269,,45.6698,-71.08691,0.0,337447.98499488446,5059479.150805246,19,T,3.2,"$GPGGA,202312.000,4220.1880,N,07105.2146,W,1,05,3.2,19.7,M,-33.8,M,,0000*57
",1711675391,999999761
1711657393.254017,394,1711657393,246368885,,42.336485,-71.08692666666667,0.0,328075.62587022583,4689246.079477958,19,T,4.0,"$GPGGA,202313.000,4220.1891,N,07105.2156,W,1,04,4.0,19.8,M,-33.8,M,,0000*5C
",1711675392,999999761
1711657394.2468088,395,1711657394,239877223,,42.33650166666666,-71.08694166666666,0.0,328074.435514289,4689247.960512,19,T,4.0,"$GPGGA,202314.000,4220.1901,N,07105.2165,W,1,04,4.0,19.9,M,-33.8,M,,0000*52
",1711675393,999999761
1711657395.250638,396,1711657395,241471290,,42.33652333333333,-71.08695666666667,0.0,328073.2587850653,4689250.3967580395,19,T,4.0,"$GPGGA,202315.000,4220.1914,N,07105.2174,W,1,04,4.0,19.9,M,-33.8,M,,0000*57
",1711675394,999999761
1711657396.2717693,397,1711657396,245943307,,42.33654166666667,-71.08697,0.0,328072.21028090804,4689252.459493277,19,T,4.0,"$GPGGA,202316.000,4220.1925,N,07105.2182,W,1,04,4.0,20.0,M,-33.8,M,,0000*5C
",1711675395,999999284
1711657397.2630832,398,1711657397,256117582,,42.33656166666667,-72.75365,0.0,685058.3127671767,4689589.251202759,18,T,4.0,"$GPGGA,202317.000,4220.1937,N,07105.2190,W,1,04,4.0,20.0,M,-33.8,M,,0000*5D
",1711675396,999999761
1711657398.2514555,399,1711657398,244391918,,42.33658166666667,-71.08699833333333,0.0,328069.98505057016,4689256.958475373,19,T,4.0,"$GPGGA,202318.000,4220.1949,N,07105.2199,W,1,04,4.0,20.1,M,-33.8,M,,0000*53
",1711675398,0
1711657399.2519734,400,1711657399,244561195,,45.66993333333333,-71.08701166666667,0.0,337440.4522713742,5059494.170395486,19,T,4.0,"$GPGGA,202319.000,4220.1960,N,07105.2207,W,1,04,4.0,20.1,M,-33.8,M,,0000*5D
",1711675398,999999761
1711657400.2685816,401,1711657400,260481357,,42.33661333333333,-71.08702666666667,0.0,328067.7371123903,4689260.532105318,19,T,3.2,"$GPGGA,202320.000,4220.1968,N,07105.2216,W,1,05,3.2,20.4,M,-33.8,M,,0000*5E
",1711675399,999999761
1711657401.2555215,402,1711657401,247364521,,42.336623333333335,-71.08704166666666,0.0,328066.52859241155,4689261.672858502,19,T,3.2,"$GPGGA,202321.000,4220.1974,N,07105.2225,W,1,05,3.2,20.9,M,-33.8,M,,0000*5F
",1711675400,999999761
1711657402.2567894,403,1711657402,247066259,,42.33662833333333,-71.08705833333333,0.0,328065.16913799196,4689262.261770117,19,T,3.2,"$GPGGA,202322.000,4220.1977,N,07105.2235,W,1,05,3.2,21.9,M,-33.8,M,,0000*5F
",1711675401,999999761
1711657403.25561,404,1711657403,248253345,,42.33664,-71.08707833333334,0.0,328063.553236764,4689263.597704438,19,T,3.2,"$GPGGA,202323.000,4220.1984,N,07105.2247,W,1,05,3.2,22.9,M,-33.8,M,,0000*54
",1711675402,999999761
1711657404.2564635,405,1711657404,249039649,,42.336648333333336,-71.087095,0.0,328062.2028676055,4689264.55675784,19,T,3.2,"$GPGGA,202324.000,4220.1989,N,07105.2257,W,1,05,3.2,23.9,M,-33.8,M,,0000*5E
",1711675403,999999761
1711657405.2936702,406,1711657405,268364906,,42.33665166666667,-71.08711166666667,0.0,328060.8388717161,4689264.96059973,19,T,3.2,"$GPGGA,202325.000,4220.1991,N,07105.2267,W,1,05,3.2,25.1,M,-33.8,M,,0000*5B
",1711675404,999999523
1711657406.2611213,407,1711657406,242877244,,42.336648333333336,-71.08712333333334,0.0,328059.86863055115,4689264.614049188,19,T,3.2,"$GPGGA,202326.000,4220.1989,N,07105.2274,W,1,05,3.2,26.5,M,-33.8,M,,0000*54
",1711675405,999998807
1711657407.2665308,408,1711657407,249268770,,112.33666666666666,-71.08713,0.0,0.0,0.0,0,,3.2,"$GPGGA,202327.000,4220.2000,N,07105.2278,W,1,05,3.2,26.7,M,-33.8,M,,0000*50
",1711675406,999999761
1711657408.2507734,409,1711657408,242583990,,42.336715,-72.7538,0.0,685045.505114825,4689605.951401968,18,T,3.2,"$GPGGA,202328.000,4220.2029,N,07105.2280,W,1,05,3.2,23.2,M,-33.8,M,,0000*53
",1711675407,999999761
1711657409.269661,410,1711657409,249288082,,42.336751666666665,-71.08713833333333,0.0,328058.9144884998,4689276.118757245,19,T,3.2,"$GPGGA,202329.000,4220.2051,N,07105.2283,W,1,05,3.2,20.4,M,-33.8,M,,0000*5B
",1711675408,999999284
1711657410.2562823,411,1711657410,248789548,,42.336776666666665,-71.08714,0.0,328058.8453172133,4689278.898186359,19,T,3.2,"$GPGGA,202330.000,4220.2066,N,07105.2284,W,1,05,3.2,18.6,M,-33.8,M,,0000*59
",1711675409,999999761
1711657411.2564876,412,1711657411,248915433,,42.336795,-71.08714333333333,0.0,328058.62066855514,4689280.940703223,19,T,3.2,"$GPGGA,202331.000,4220.2077,N,07105.2286,W,1,05,3.2,17.4,M,-33.8,M,,0000*57
",1711675410,999999761
1711657412.252565,413,1711657412,243197679,,42.33681833333333,-71.08714833333333,0.0,328058.2723397487,4689283.541802048,19,T,3.2,"$GPGGA,202332.000,4220.2091,N,07105.2289,W,1,05,3.2,15.3,M,-33.8,M,,0000*56
",1711675411,999999761
1711657413.271194,414,1711657413,263751506,,42.336843333333334,-71.087155,0.0,328057.79124610964,4689286.331341663,19,T,3.2,"$GPGGA,202333.000,4220.2106,N,07105.2293,W,1,05,3.2,14.3,M,-33.8,M,,0000*52
",1711675412,999999761
1711657414.2679057,415,1711657414,247965335,,42.33686333333333,-71.08716333333334,0.0,328057.159217865,4689288.569039697,19,T,3.2,"$GPGGA,202334.000,4220.2118,N,07105.2298,W,1,05,3.2,13.7,M,-33.8,M,,0000*52
",1711675413,999999284
1711657415.27229,416,1711657415,264439582,,42.336875,-71.08717666666666,0.0,328056.0925547959,4689289.891495354,19,T,3.2,"$GPGGA,202335.000,4220.2125,N,07105.2306,W,1,05,3.2,13.1,M,-33.8,M,,0000*5D
",1711675414,999999761
1711657416.2561457,417,1711657416,248320341,,45.67021666666667,-72.75386666666667,0.0,674952.6835270261,5059861.057673966,18,T,3.2,"$GPGGA,202336.000,4220.2130,N,07105.2320,W,1,05,3.2,12.7,M,-33.8,M,,0000*59
",1711675415,999999761
1711657417.25644,418,1711657417,248088359,,42.33689,-71.08722833333333,0.0,328051.8769039138,4689291.661607996,19,T,3.2,"$GPGGA,202337.000,4220.2134,N,07105.2337,W,1,05,3.2,12.6,M,-33.8,M,,0000*5B
",1711675416,999999761
1711657418.273136,419,1711657418,264106988,,45.67021666666667,-71.08724833333333,0.0,337422.83888271794,5059526.128940672,19,T,3.2,"$GPGGA,202338.000,4220.2130,N,07105.2349,W,1,05,3.2,12.3,M,-33.8,M,,0000*5C
",1711675417,999999761
1711657419.2562814,420,1711657419,248622417,,42.33687333333334,-71.08726333333334,0.0,328048.94801848556,4689289.881678319,19,T,3.2,"$GPGGA,202339.000,4220.2124,N,07105.2358,W,1,05,3.2,12.0,M,-33.8,M,,0000*5B
",1711675418,999999523
1711657420.269507,421,1711657420,261044263,,45.6702,-71.08727,0.0,337421.10299420776,5059524.321291571,19,T,3.2,"$GPGGA,202340.000,4220.2120,N,07105.2362,W,1,05,3.2,11.7,M,-33.8,M,,0000*5C
",1711675420,0
1711657421.25872,422,1711657421,251128911,,42.336865,-71.087275,0.0,328047.9641517727,4689288.979917683,19,T,3.2,"$GPGGA,202341.000,4220.2119,N,07105.2365,W,1,05,3.2,11.6,M,-33.8,M,,0000*51
",1711675420,999999761
1711657422.2772248,423,1711657422,250825881,,42.33686333333333,-71.08727333333333,0.0,328048.09691662923,4689288.791476731,19,T,3.2,"$GPGGA,202342.000,4220.2118,N,07105.2364,W,1,05,3.2,11.7,M,-33.8,M,,0000*53
",1711675421,999999046
